[{"model": "auth.permission", "pk": 1, "fields": {"name": "Can add log entry", "content_type": 1, "codename": "add_logentry"}}, {"model": "auth.permission", "pk": 2, "fields": {"name": "Can change log entry", "content_type": 1, "codename": "change_logentry"}}, {"model": "auth.permission", "pk": 3, "fields": {"name": "Can delete log entry", "content_type": 1, "codename": "delete_logentry"}}, {"model": "auth.permission", "pk": 4, "fields": {"name": "Can view log entry", "content_type": 1, "codename": "view_logentry"}}, {"model": "auth.permission", "pk": 5, "fields": {"name": "Can add permission", "content_type": 2, "codename": "add_permission"}}, {"model": "auth.permission", "pk": 6, "fields": {"name": "Can change permission", "content_type": 2, "codename": "change_permission"}}, {"model": "auth.permission", "pk": 7, "fields": {"name": "Can delete permission", "content_type": 2, "codename": "delete_permission"}}, {"model": "auth.permission", "pk": 8, "fields": {"name": "Can view permission", "content_type": 2, "codename": "view_permission"}}, {"model": "auth.permission", "pk": 9, "fields": {"name": "Can add group", "content_type": 3, "codename": "add_group"}}, {"model": "auth.permission", "pk": 10, "fields": {"name": "Can change group", "content_type": 3, "codename": "change_group"}}, {"model": "auth.permission", "pk": 11, "fields": {"name": "Can delete group", "content_type": 3, "codename": "delete_group"}}, {"model": "auth.permission", "pk": 12, "fields": {"name": "Can view group", "content_type": 3, "codename": "view_group"}}, {"model": "auth.permission", "pk": 13, "fields": {"name": "Can add content type", "content_type": 4, "codename": "add_contenttype"}}, {"model": "auth.permission", "pk": 14, "fields": {"name": "Can change content type", "content_type": 4, "codename": "change_contenttype"}}, {"model": "auth.permission", "pk": 15, "fields": {"name": "Can delete content type", "content_type": 4, "codename": "delete_contenttype"}}, {"model": "auth.permission", "pk": 16, "fields": {"name": "Can view content type", "content_type": 4, "codename": "view_contenttype"}}, {"model": "auth.permission", "pk": 17, "fields": {"name": "Can add session", "content_type": 5, "codename": "add_session"}}, {"model": "auth.permission", "pk": 18, "fields": {"name": "Can change session", "content_type": 5, "codename": "change_session"}}, {"model": "auth.permission", "pk": 19, "fields": {"name": "Can delete session", "content_type": 5, "codename": "delete_session"}}, {"model": "auth.permission", "pk": 20, "fields": {"name": "Can view session", "content_type": 5, "codename": "view_session"}}, {"model": "auth.permission", "pk": 21, "fields": {"name": "Can add Пользователь", "content_type": 6, "codename": "add_usermodel"}}, {"model": "auth.permission", "pk": 22, "fields": {"name": "Can change Пользователь", "content_type": 6, "codename": "change_usermodel"}}, {"model": "auth.permission", "pk": 23, "fields": {"name": "Can delete Пользователь", "content_type": 6, "codename": "delete_usermodel"}}, {"model": "auth.permission", "pk": 24, "fields": {"name": "Can view Пользователь", "content_type": 6, "codename": "view_usermodel"}}, {"model": "auth.permission", "pk": 25, "fields": {"name": "Can add rating names", "content_type": 7, "codename": "add_ratingnames"}}, {"model": "auth.permission", "pk": 26, "fields": {"name": "Can change rating names", "content_type": 7, "codename": "change_ratingnames"}}, {"model": "auth.permission", "pk": 27, "fields": {"name": "Can delete rating names", "content_type": 7, "codename": "delete_ratingnames"}}, {"model": "auth.permission", "pk": 28, "fields": {"name": "Can view rating names", "content_type": 7, "codename": "view_ratingnames"}}, {"model": "auth.permission", "pk": 29, "fields": {"name": "Can add offers ratings", "content_type": 8, "codename": "add_offersratings"}}, {"model": "auth.permission", "pk": 30, "fields": {"name": "Can change offers ratings", "content_type": 8, "codename": "change_offersratings"}}, {"model": "auth.permission", "pk": 31, "fields": {"name": "Can delete offers ratings", "content_type": 8, "codename": "delete_offersratings"}}, {"model": "auth.permission", "pk": 32, "fields": {"name": "Can view offers ratings", "content_type": 8, "codename": "view_offersratings"}}, {"model": "auth.permission", "pk": 33, "fields": {"name": "Can add rating", "content_type": 9, "codename": "add_rating"}}, {"model": "auth.permission", "pk": 34, "fields": {"name": "Can change rating", "content_type": 9, "codename": "change_rating"}}, {"model": "auth.permission", "pk": 35, "fields": {"name": "Can delete rating", "content_type": 9, "codename": "delete_rating"}}, {"model": "auth.permission", "pk": 36, "fields": {"name": "Can view rating", "content_type": 9, "codename": "view_rating"}}, {"model": "auth.permission", "pk": 37, "fields": {"name": "Can add favorites", "content_type": 10, "codename": "add_favorites"}}, {"model": "auth.permission", "pk": 38, "fields": {"name": "Can change favorites", "content_type": 10, "codename": "change_favorites"}}, {"model": "auth.permission", "pk": 39, "fields": {"name": "Can delete favorites", "content_type": 10, "codename": "delete_favorites"}}, {"model": "auth.permission", "pk": 40, "fields": {"name": "Can view favorites", "content_type": 10, "codename": "view_favorites"}}, {"model": "auth.permission", "pk": 41, "fields": {"name": "Can add evaluations", "content_type": 11, "codename": "add_evaluations"}}, {"model": "auth.permission", "pk": 42, "fields": {"name": "Can change evaluations", "content_type": 11, "codename": "change_evaluations"}}, {"model": "auth.permission", "pk": 43, "fields": {"name": "Can delete evaluations", "content_type": 11, "codename": "delete_evaluations"}}, {"model": "auth.permission", "pk": 44, "fields": {"name": "Can view evaluations", "content_type": 11, "codename": "view_evaluations"}}, {"model": "auth.permission", "pk": 45, "fields": {"name": "Can add current rentals", "content_type": 12, "codename": "add_currentrentals"}}, {"model": "auth.permission", "pk": 46, "fields": {"name": "Can change current rentals", "content_type": 12, "codename": "change_currentrentals"}}, {"model": "auth.permission", "pk": 47, "fields": {"name": "Can delete current rentals", "content_type": 12, "codename": "delete_currentrentals"}}, {"model": "auth.permission", "pk": 48, "fields": {"name": "Can view current rentals", "content_type": 12, "codename": "view_currentrentals"}}, {"model": "auth.permission", "pk": 49, "fields": {"name": "Can add completed rentals", "content_type": 13, "codename": "add_completedrentals"}}, {"model": "auth.permission", "pk": 50, "fields": {"name": "Can change completed rentals", "content_type": 13, "codename": "change_completedrentals"}}, {"model": "auth.permission", "pk": 51, "fields": {"name": "Can delete completed rentals", "content_type": 13, "codename": "delete_completedrentals"}}, {"model": "auth.permission", "pk": 52, "fields": {"name": "Can view completed rentals", "content_type": 13, "codename": "view_completedrentals"}}, {"model": "auth.permission", "pk": 53, "fields": {"name": "Can add Контакты", "content_type": 14, "codename": "add_contact"}}, {"model": "auth.permission", "pk": 54, "fields": {"name": "Can change Контакты", "content_type": 14, "codename": "change_contact"}}, {"model": "auth.permission", "pk": 55, "fields": {"name": "Can delete Контакты", "content_type": 14, "codename": "delete_contact"}}, {"model": "auth.permission", "pk": 56, "fields": {"name": "Can view Контакты", "content_type": 14, "codename": "view_contact"}}, {"model": "auth.permission", "pk": 57, "fields": {"name": "Can add Сообщение от пользователя", "content_type": 15, "codename": "add_message"}}, {"model": "auth.permission", "pk": 58, "fields": {"name": "Can change Сообщение от пользователя", "content_type": 15, "codename": "change_message"}}, {"model": "auth.permission", "pk": 59, "fields": {"name": "Can delete Сообщение от пользователя", "content_type": 15, "codename": "delete_message"}}, {"model": "auth.permission", "pk": 60, "fields": {"name": "Can view Сообщение от пользователя", "content_type": 15, "codename": "view_message"}}, {"model": "auth.permission", "pk": 61, "fields": {"name": "Can add Категория F.A.Q.", "content_type": 16, "codename": "add_questioncategory"}}, {"model": "auth.permission", "pk": 62, "fields": {"name": "Can change Категория F.A.Q.", "content_type": 16, "codename": "change_questioncategory"}}, {"model": "auth.permission", "pk": 63, "fields": {"name": "Can delete Категория F.A.Q.", "content_type": 16, "codename": "delete_questioncategory"}}, {"model": "auth.permission", "pk": 64, "fields": {"name": "Can view Категория F.A.Q.", "content_type": 16, "codename": "view_questioncategory"}}, {"model": "auth.permission", "pk": 65, "fields": {"name": "Can add Вопрос - F.A.Q.", "content_type": 17, "codename": "add_question"}}, {"model": "auth.permission", "pk": 66, "fields": {"name": "Can change Вопрос - F.A.Q.", "content_type": 17, "codename": "change_question"}}, {"model": "auth.permission", "pk": 67, "fields": {"name": "Can delete Вопрос - F.A.Q.", "content_type": 17, "codename": "delete_question"}}, {"model": "auth.permission", "pk": 68, "fields": {"name": "Can view Вопрос - F.A.Q.", "content_type": 17, "codename": "view_question"}}, {"model": "auth.permission", "pk": 69, "fields": {"name": "Can add Заявка на получение прав арендодателя", "content_type": 18, "codename": "add_claim"}}, {"model": "auth.permission", "pk": 70, "fields": {"name": "Can change Заявка на получение прав арендодателя", "content_type": 18, "codename": "change_claim"}}, {"model": "auth.permission", "pk": 71, "fields": {"name": "Can delete Заявка на получение прав арендодателя", "content_type": 18, "codename": "delete_claim"}}, {"model": "auth.permission", "pk": 72, "fields": {"name": "Can view Заявка на получение прав арендодателя", "content_type": 18, "codename": "view_claim"}}, {"model": "auth.permission", "pk": 73, "fields": {"name": "Can add address", "content_type": 19, "codename": "add_address"}}, {"model": "auth.permission", "pk": 74, "fields": {"name": "Can change address", "content_type": 19, "codename": "change_address"}}, {"model": "auth.permission", "pk": 75, "fields": {"name": "Can delete address", "content_type": 19, "codename": "delete_address"}}, {"model": "auth.permission", "pk": 76, "fields": {"name": "Can view address", "content_type": 19, "codename": "view_address"}}, {"model": "auth.permission", "pk": 77, "fields": {"name": "Can add convenience type", "content_type": 20, "codename": "add_conveniencetype"}}, {"model": "auth.permission", "pk": 78, "fields": {"name": "Can change convenience type", "content_type": 20, "codename": "change_conveniencetype"}}, {"model": "auth.permission", "pk": 79, "fields": {"name": "Can delete convenience type", "content_type": 20, "codename": "delete_conveniencetype"}}, {"model": "auth.permission", "pk": 80, "fields": {"name": "Can view convenience type", "content_type": 20, "codename": "view_conveniencetype"}}, {"model": "auth.permission", "pk": 81, "fields": {"name": "Can add room category", "content_type": 21, "codename": "add_roomcategory"}}, {"model": "auth.permission", "pk": 82, "fields": {"name": "Can change room category", "content_type": 21, "codename": "change_roomcategory"}}, {"model": "auth.permission", "pk": 83, "fields": {"name": "Can delete room category", "content_type": 21, "codename": "delete_roomcategory"}}, {"model": "auth.permission", "pk": 84, "fields": {"name": "Can view room category", "content_type": 21, "codename": "view_roomcategory"}}, {"model": "auth.permission", "pk": 85, "fields": {"name": "Can add room", "content_type": 22, "codename": "add_room"}}, {"model": "auth.permission", "pk": 86, "fields": {"name": "Can change room", "content_type": 22, "codename": "change_room"}}, {"model": "auth.permission", "pk": 87, "fields": {"name": "Can delete room", "content_type": 22, "codename": "delete_room"}}, {"model": "auth.permission", "pk": 88, "fields": {"name": "Can view room", "content_type": 22, "codename": "view_room"}}, {"model": "auth.permission", "pk": 89, "fields": {"name": "Can add offer images", "content_type": 23, "codename": "add_offerimages"}}, {"model": "auth.permission", "pk": 90, "fields": {"name": "Can change offer images", "content_type": 23, "codename": "change_offerimages"}}, {"model": "auth.permission", "pk": 91, "fields": {"name": "Can delete offer images", "content_type": 23, "codename": "delete_offerimages"}}, {"model": "auth.permission", "pk": 92, "fields": {"name": "Can view offer images", "content_type": 23, "codename": "view_offerimages"}}, {"model": "auth.permission", "pk": 93, "fields": {"name": "Can add convenience room", "content_type": 24, "codename": "add_convenienceroom"}}, {"model": "auth.permission", "pk": 94, "fields": {"name": "Can change convenience room", "content_type": 24, "codename": "change_convenienceroom"}}, {"model": "auth.permission", "pk": 95, "fields": {"name": "Can delete convenience room", "content_type": 24, "codename": "delete_convenienceroom"}}, {"model": "auth.permission", "pk": 96, "fields": {"name": "Can view convenience room", "content_type": 24, "codename": "view_convenienceroom"}}, {"model": "auth.permission", "pk": 97, "fields": {"name": "Can add convenience", "content_type": 25, "codename": "add_convenience"}}, {"model": "auth.permission", "pk": 98, "fields": {"name": "Can change convenience", "content_type": 25, "codename": "change_convenience"}}, {"model": "auth.permission", "pk": 99, "fields": {"name": "Can delete convenience", "content_type": 25, "codename": "delete_convenience"}}, {"model": "auth.permission", "pk": 100, "fields": {"name": "Can view convenience", "content_type": 25, "codename": "view_convenience"}}, {"model": "contenttypes.contenttype", "pk": 1, "fields": {"app_label": "admin", "model": "logentry"}}, {"model": "contenttypes.contenttype", "pk": 2, "fields": {"app_label": "auth", "model": "permission"}}, {"model": "contenttypes.contenttype", "pk": 3, "fields": {"app_label": "auth", "model": "group"}}, {"model": "contenttypes.contenttype", "pk": 4, "fields": {"app_label": "contenttypes", "model": "contenttype"}}, {"model": "contenttypes.contenttype", "pk": 5, "fields": {"app_label": "sessions", "model": "session"}}, {"model": "contenttypes.contenttype", "pk": 6, "fields": {"app_label": "userapp", "model": "usermodel"}}, {"model": "contenttypes.contenttype", "pk": 7, "fields": {"app_label": "detailsapp", "model": "ratingnames"}}, {"model": "contenttypes.contenttype", "pk": 8, "fields": {"app_label": "detailsapp", "model": "offersratings"}}, {"model": "contenttypes.contenttype", "pk": 9, "fields": {"app_label": "detailsapp", "model": "rating"}}, {"model": "contenttypes.contenttype", "pk": 10, "fields": {"app_label": "detailsapp", "model": "favorites"}}, {"model": "contenttypes.contenttype", "pk": 11, "fields": {"app_label": "detailsapp", "model": "evaluations"}}, {"model": "contenttypes.contenttype", "pk": 12, "fields": {"app_label": "detailsapp", "model": "currentrentals"}}, {"model": "contenttypes.contenttype", "pk": 13, "fields": {"app_label": "detailsapp", "model": "completedrentals"}}, {"model": "contenttypes.contenttype", "pk": 14, "fields": {"app_label": "feedbackapp", "model": "contact"}}, {"model": "contenttypes.contenttype", "pk": 15, "fields": {"app_label": "feedbackapp", "model": "message"}}, {"model": "contenttypes.contenttype", "pk": 16, "fields": {"app_label": "feedbackapp", "model": "questioncategory"}}, {"model": "contenttypes.contenttype", "pk": 17, "fields": {"app_label": "feedbackapp", "model": "question"}}, {"model": "contenttypes.contenttype", "pk": 18, "fields": {"app_label": "adminapp", "model": "claim"}}, {"model": "contenttypes.contenttype", "pk": 19, "fields": {"app_label": "createapp", "model": "address"}}, {"model": "contenttypes.contenttype", "pk": 20, "fields": {"app_label": "createapp", "model": "conveniencetype"}}, {"model": "contenttypes.contenttype", "pk": 21, "fields": {"app_label": "createapp", "model": "roomcategory"}}, {"model": "contenttypes.contenttype", "pk": 22, "fields": {"app_label": "createapp", "model": "room"}}, {"model": "contenttypes.contenttype", "pk": 23, "fields": {"app_label": "createapp", "model": "offerimages"}}, {"model": "contenttypes.contenttype", "pk": 24, "fields": {"app_label": "createapp", "model": "convenienceroom"}}, {"model": "contenttypes.contenttype", "pk": 25, "fields": {"app_label": "createapp", "model": "convenience"}}, {"model": "sessions.session", "pk": "247ueco7iqercy1nj7pfgcm9pdfvsfpp", "fields": {"session_data": ".eJxVjDsOwjAQBe_iGllefzY2JT1nsNY_HEC2FCcV4u4QKQW0b2bei3na1uq3kRc_J3Zmip1-t0DxkdsO0p3arfPY27rMge8KP-jg157y83K4fweVRv3WYENBLNYEsDEnKxykyUUJWmUtFcGkjBJFgszopBZCQyJCZ5xCiIjs_QHFKTaB:1oICo1:DpiVS808Lec5fswNpumq5tNooeXWZUAH6-MFc5jFtAQ", "expire_date": "2022-08-14T17:32:45.310Z"}}, {"model": "sessions.session", "pk": "2w5c9hsgjqx1pgp7yqg0ujgr4zl7yz3c", "fields": {"session_data": ".eJxVjDsOwjAQBe_iGln-7iaU9DlDtN41OIAcKU4qxN0hUgpo38y8lxppW8u4tbyMk6iziur0uyXiR647kDvV26x5rusyJb0r-qBND7Pk5-Vw_w4KtfKtsQ8ukGVgSxaSwy4IGOxNcFeGwF6iB-o8AhmMIB4whczJGGQh59T7A7s2Nwc:1oICZ7:mIvW5p9ywljdA_JgEqODVRpkG47KbEW1fMCMCRhU1WQ", "expire_date": "2022-08-14T17:17:21.590Z"}}, {"model": "sessions.session", "pk": "6xky71tosqr896ukf7fzabuxfb2qfrmk", "fields": {"session_data": ".eJxVjDsOwjAQBe_iGlnxxl9Kes5g7XodHEC2FCcV4u4QKQW0b2beS0Tc1hK3npc4szgLEKffjTA9ct0B37HemkytrstMclfkQbu8Ns7Py-H-HRTs5VtrcmxZ58EbcIFQjZa9caisy-T15MIIg5nIpEBag08eadQm-WSVYgDx_gDSajdN:1oHWnH:W8pYZzRqfdrCAXPr-0hxfq2rK-89U5vfXE_ZE6jCxjg", "expire_date": "2022-08-12T20:41:11.298Z"}}, {"model": "sessions.session", "pk": "ebhhtsuazrb3hs5ugzp103wauizx3g49", "fields": {"session_data": ".eJxVjDsOwjAQBe_iGllefzY2JT1nsNY_HEC2FCcV4u4QKQW0b2bei3na1uq3kRc_J3Zmip1-t0DxkdsO0p3arfPY27rMge8KP-jg157y83K4fweVRv3WYENBLNYEsDEnKxykyUUJWmUtFcGkjBJFgszopBZCQyJCZ5xCiIjs_QHFKTaB:1oHrcI:OHN3Rr33X_OLOK1GBXXbUZx2HToc8UITBqRUxTTets8", "expire_date": "2022-08-13T18:55:14.630Z"}}, {"model": "sessions.session", "pk": "hq0hhop6qisxzm36fqfutcoyrd6hbmax", "fields": {"session_data": ".eJxVjMsOwiAQRf-FtSE8yji4dN9vIAODUjWQlHZl_HfbpAvd3nPOfYtA61LC2vMcJhYXocXpd4uUnrnugB9U702mVpd5inJX5EG7HBvn1_Vw_w4K9bLViN6zMhnSEHVMkJmdN9ori6BgODuDyt9AaYTsNo99cs5SHMgSWEDx-QK_rzbC:1oHXFs:S3JGUNrTmYP1qEPbZaQMsBYmdQquYrvspR6YGgWyAi0", "expire_date": "2022-08-12T21:10:44.927Z"}}, {"model": "sessions.session", "pk": "ilrvx7l8b46er72aagd41y5ashp8htmb", "fields": {"session_data": ".eJxVjDsOwjAQBe_iGllefzY2JT1nsNY_HEC2FCcV4u4QKQW0b2bei3na1uq3kRc_J3Zmip1-t0DxkdsO0p3arfPY27rMge8KP-jg157y83K4fweVRv3WYENBLNYEsDEnKxykyUUJWmUtFcGkjBJFgszopBZCQyJCZ5xCiIjs_QHFKTaB:1oIBhG:ve_4gecLpaehq9Y3YWDECq0JB4z-MQ2Ws6KkAz04KIQ", "expire_date": "2022-08-14T16:21:42.720Z"}}, {"model": "sessions.session", "pk": "ns426v4nmpbo010mdux1qtksxyb63qvh", "fields": {"session_data": ".eJxVjDsOwjAQBe_iGlnxxl9Kes5g7XodHEC2FCcV4u4QKQW0b2beS0Tc1hK3npc4szgLEKffjTA9ct0B37HemkytrstMclfkQbu8Ns7Py-H-HRTs5VtrcmxZ58EbcIFQjZa9caisy-T15MIIg5nIpEBag08eadQm-WSVYgDx_gDSajdN:1oICPv:d6STafiezUxyQciIgLpWJy_AzoXr5iDb-28DwdnzpRc", "expire_date": "2022-08-14T17:07:51.607Z"}}, {"model": "userapp.usermodel", "pk": 1, "fields": {"password": "pbkdf2_sha256$260000$EtjnwdK7796cPnTDwistQW$bM8Blk9hepHwFgfaYXG9FOg+J1dHePPydfTgj8gIqt4=", "last_login": "2022-07-29T22:02:57.463Z", "is_superuser": false, "username": "tommy", "first_name": "tom", "last_name": "torn", "email": "oksastar89@mail.ru", "is_staff": false, "is_active": true, "date_joined": "2022-07-29T20:38:50.278Z", "avatar": "", "city": "Sochi", "about": "qwerty", "user_phone": "89996663322", "is_landlord": true, "created_at": "2022-07-29T20:38:50.555Z", "updated_at": "2022-07-29T20:38:50.555Z", "groups": [], "user_permissions": []}}, {"model": "userapp.usermodel", "pk": 2, "fields": {"password": "pbkdf2_sha256$260000$S0SqmNwHe12GGH4Q0DO2Lt$XyZrgtYCG8GA+G1nTvdjogDvvlqQwctoPDtOP7nHWO4=", "last_login": "2022-07-31T17:07:51.569Z", "is_superuser": true, "username": "roman", "first_name": "", "last_name": "", "email": "", "is_staff": true, "is_active": true, "date_joined": "2022-07-29T20:41:00.761Z", "avatar": "", "city": "", "about": "", "user_phone": "", "is_landlord": false, "created_at": "2022-07-29T20:41:00.955Z", "updated_at": "2022-07-29T20:41:00.955Z", "groups": [], "user_permissions": []}}, {"model": "userapp.usermodel", "pk": 3, "fields": {"password": "pbkdf2_sha256$260000$5YJIATCE2dClB5bUAoZITx$CLzsLnJV0HQRjY4tSUK6a1sSnoNR91k9nEbH1wCusJY=", "last_login": "2022-07-31T17:32:45.303Z", "is_superuser": false, "username": "bob", "first_name": "bob", "last_name": "kk", "email": "bob@gmail.com", "is_staff": false, "is_active": true, "date_joined": "2022-07-30T18:55:05.721Z", "avatar": "authapp/media/users_avatar/messages-3.jpg", "city": "Москва", "about": "Москвич", "user_phone": "89996663355", "is_landlord": true, "created_at": "2022-07-30T18:55:05.965Z", "updated_at": "2022-07-30T18:57:51.300Z", "groups": [], "user_permissions": []}}, {"model": "userapp.usermodel", "pk": 4, "fields": {"password": "pbkdf2_sha256$260000$mSZpiopNdj5NCdGpUyUP45$qoVkNwjqjYYfGcyQu4rg7OpuEy0uWqruB8ErnW8qHhY=", "last_login": "2022-07-31T17:11:23.399Z", "is_superuser": false, "username": "katerina", "first_name": "Катерина", "last_name": "Иванова", "email": "katekate@gmail.ru", "is_staff": false, "is_active": true, "date_joined": "2022-07-31T17:11:04.957Z", "avatar": "authapp/media/users_avatar/messages-1.jpg", "city": "Новосибирск", "about": "Арендатор", "user_phone": "89215163321", "is_landlord": false, "created_at": "2022-07-31T17:11:05.197Z", "updated_at": "2022-07-31T17:15:17.684Z", "groups": [], "user_permissions": []}}, {"model": "userapp.usermodel", "pk": 5, "fields": {"password": "pbkdf2_sha256$260000$de8lanCKDzAZMI5mh7Gfz0$ah1Vb/pZkl/bUm5D1sZdia1V4BmXCHzqywDoqlsY8Xk=", "last_login": "2022-07-31T17:17:21.564Z", "is_superuser": false, "username": "lucia", "first_name": "Люся", "last_name": "Петрова", "email": "lucia2000@mail.ru", "is_staff": false, "is_active": true, "date_joined": "2022-07-31T17:17:07.532Z", "avatar": "authapp/media/users_avatar/messages-2.jpg", "city": "Челябинск", "about": "Крутой арендодатель из Челябинска", "user_phone": "89916163399", "is_landlord": true, "created_at": "2022-07-31T17:17:07.729Z", "updated_at": "2022-07-31T17:22:01.371Z", "groups": [], "user_permissions": []}}, {"model": "detailsapp.ratingnames", "pk": 1, "fields": {"name": "Качество помещения", "created_at": "2022-07-29T20:36:52.975Z", "updated_at": "2022-07-29T20:36:52.975Z"}}, {"model": "detailsapp.ratingnames", "pk": 2, "fields": {"name": "Рабочая обстановка", "created_at": "2022-07-29T20:36:52.981Z", "updated_at": "2022-07-29T20:36:52.982Z"}}, {"model": "detailsapp.ratingnames", "pk": 3, "fields": {"name": "Качество удобств", "created_at": "2022-07-29T20:36:52.988Z", "updated_at": "2022-07-29T20:36:52.988Z"}}, {"model": "detailsapp.ratingnames", "pk": 4, "fields": {"name": "Соответствие цена-качество", "created_at": "2022-07-29T20:36:52.995Z", "updated_at": "2022-07-29T20:36:52.995Z"}}, {"model": "detailsapp.ratingnames", "pk": 5, "fields": {"name": "Соответствие фото", "created_at": "2022-07-29T20:36:53Z", "updated_at": "2022-07-29T20:36:53Z"}}, {"model": "detailsapp.offersratings", "pk": 1, "fields": {"offer": 1, "summary_rating": 9.2, "reviews_number": 1, "created_at": "2022-07-31T16:35:25.748Z", "updated_at": "2022-07-31T16:35:25.748Z"}}, {"model": "detailsapp.offersratings", "pk": 2, "fields": {"offer": 2, "summary_rating": 9.0, "reviews_number": 1, "created_at": "2022-07-31T16:35:55.360Z", "updated_at": "2022-07-31T16:35:55.360Z"}}, {"model": "detailsapp.offersratings", "pk": 3, "fields": {"offer": 3, "summary_rating": 9.0, "reviews_number": 1, "created_at": "2022-07-31T16:36:24.129Z", "updated_at": "2022-07-31T16:36:24.129Z"}}, {"model": "detailsapp.offersratings", "pk": 4, "fields": {"offer": 4, "summary_rating": 9.2, "reviews_number": 1, "created_at": "2022-07-31T16:36:51.642Z", "updated_at": "2022-07-31T16:36:51.642Z"}}, {"model": "detailsapp.offersratings", "pk": 5, "fields": {"offer": 6, "summary_rating": 9.4, "reviews_number": 1, "created_at": "2022-07-31T17:12:04.948Z", "updated_at": "2022-07-31T17:12:04.948Z"}}, {"model": "detailsapp.offersratings", "pk": 6, "fields": {"offer": 7, "summary_rating": 9.4, "reviews_number": 1, "created_at": "2022-07-31T17:13:00.867Z", "updated_at": "2022-07-31T17:13:00.867Z"}}, {"model": "detailsapp.offersratings", "pk": 7, "fields": {"offer": 8, "summary_rating": 9.0, "reviews_number": 1, "created_at": "2022-07-31T17:14:19.577Z", "updated_at": "2022-07-31T17:14:19.577Z"}}, {"model": "detailsapp.completedrentals", "pk": 1, "fields": {"user": 3, "offer": 1, "seats": 2, "start_date": "2022-07-31T08:00:00Z", "end_date": "2022-08-13T23:00:00Z", "amount": 420000, "created_at": "2022-07-31T16:35:25.758Z", "updated_at": "2022-07-31T16:35:25.758Z"}}, {"model": "detailsapp.completedrentals", "pk": 2, "fields": {"user": 3, "offer": 2, "seats": 2, "start_date": "2022-07-31T08:00:00Z", "end_date": "2022-08-04T23:00:00Z", "amount": 31500, "created_at": "2022-07-31T16:35:55.371Z", "updated_at": "2022-07-31T16:35:55.371Z"}}, {"model": "detailsapp.completedrentals", "pk": 3, "fields": {"user": 3, "offer": 3, "seats": 1, "start_date": "2022-07-31T08:00:00Z", "end_date": "2022-08-12T23:00:00Z", "amount": 48750, "created_at": "2022-07-31T16:36:24.139Z", "updated_at": "2022-07-31T16:36:24.139Z"}}, {"model": "detailsapp.completedrentals", "pk": 4, "fields": {"user": 3, "offer": 4, "seats": 1, "start_date": "2022-07-31T08:00:00Z", "end_date": "2022-08-07T23:00:00Z", "amount": 27600, "created_at": "2022-07-31T16:36:51.651Z", "updated_at": "2022-07-31T16:36:51.651Z"}}, {"model": "detailsapp.completedrentals", "pk": 5, "fields": {"user": 4, "offer": 6, "seats": 1, "start_date": "2022-07-31T08:00:00Z", "end_date": "2022-08-04T23:00:00Z", "amount": 41250, "created_at": "2022-07-31T17:12:05.001Z", "updated_at": "2022-07-31T17:12:05.001Z"}}, {"model": "detailsapp.completedrentals", "pk": 6, "fields": {"user": 4, "offer": 7, "seats": 1, "start_date": "2022-07-31T08:00:00Z", "end_date": "2022-08-11T23:00:00Z", "amount": 61200, "created_at": "2022-07-31T17:13:00.900Z", "updated_at": "2022-07-31T17:13:00.900Z"}}, {"model": "detailsapp.completedrentals", "pk": 7, "fields": {"user": 4, "offer": 8, "seats": 1, "start_date": "2022-07-31T08:00:00Z", "end_date": "2022-08-13T23:00:00Z", "amount": 67200, "created_at": "2022-07-31T17:14:19.610Z", "updated_at": "2022-07-31T17:14:19.610Z"}}, {"model": "detailsapp.rating", "pk": 1, "fields": {"user": 3, "offer": 1, "review_text": "хорошее спокойное место без лишнего шума", "summary_evaluation": 9.2, "created_at": "2022-07-31T16:35:25.734Z", "updated_at": "2022-07-31T16:35:25.734Z"}}, {"model": "detailsapp.rating", "pk": 2, "fields": {"user": 3, "offer": 2, "review_text": "норм", "summary_evaluation": 9.0, "created_at": "2022-07-31T16:35:55.351Z", "updated_at": "2022-07-31T16:35:55.351Z"}}, {"model": "detailsapp.rating", "pk": 3, "fields": {"user": 3, "offer": 3, "review_text": "нет телефона позвонить", "summary_evaluation": 9.0, "created_at": "2022-07-31T16:36:24.118Z", "updated_at": "2022-07-31T16:36:24.118Z"}}, {"model": "detailsapp.rating", "pk": 4, "fields": {"user": 3, "offer": 4, "review_text": "понравился", "summary_evaluation": 9.2, "created_at": "2022-07-31T16:36:51.631Z", "updated_at": "2022-07-31T16:36:51.631Z"}}, {"model": "detailsapp.rating", "pk": 5, "fields": {"user": 4, "offer": 6, "review_text": "", "summary_evaluation": 9.4, "created_at": "2022-07-31T17:12:04.882Z", "updated_at": "2022-07-31T17:12:04.883Z"}}, {"model": "detailsapp.rating", "pk": 6, "fields": {"user": 4, "offer": 7, "review_text": "Хорошее место для работы, тихо, есть факс и шкафчики", "summary_evaluation": 9.4, "created_at": "2022-07-31T17:13:00.830Z", "updated_at": "2022-07-31T17:13:00.830Z"}}, {"model": "detailsapp.rating", "pk": 7, "fields": {"user": 4, "offer": 8, "review_text": "Есть все необходимое для работы", "summary_evaluation": 9.0, "created_at": "2022-07-31T17:14:19.539Z", "updated_at": "2022-07-31T17:14:19.539Z"}}, {"model": "detailsapp.evaluations", "pk": 1, "fields": {"user": 3, "offer": 1, "rating_name": 1, "evaluation": 9, "created_at": "2022-07-31T16:35:25.687Z", "updated_at": "2022-07-31T16:35:25.687Z"}}, {"model": "detailsapp.evaluations", "pk": 2, "fields": {"user": 3, "offer": 1, "rating_name": 2, "evaluation": 9, "created_at": "2022-07-31T16:35:25.698Z", "updated_at": "2022-07-31T16:35:25.698Z"}}, {"model": "detailsapp.evaluations", "pk": 3, "fields": {"user": 3, "offer": 1, "rating_name": 3, "evaluation": 9, "created_at": "2022-07-31T16:35:25.706Z", "updated_at": "2022-07-31T16:35:25.706Z"}}, {"model": "detailsapp.evaluations", "pk": 4, "fields": {"user": 3, "offer": 1, "rating_name": 4, "evaluation": 10, "created_at": "2022-07-31T16:35:25.716Z", "updated_at": "2022-07-31T16:35:25.716Z"}}, {"model": "detailsapp.evaluations", "pk": 5, "fields": {"user": 3, "offer": 1, "rating_name": 5, "evaluation": 9, "created_at": "2022-07-31T16:35:25.724Z", "updated_at": "2022-07-31T16:35:25.724Z"}}, {"model": "detailsapp.evaluations", "pk": 6, "fields": {"user": 3, "offer": 2, "rating_name": 1, "evaluation": 10, "created_at": "2022-07-31T16:35:55.305Z", "updated_at": "2022-07-31T16:35:55.305Z"}}, {"model": "detailsapp.evaluations", "pk": 7, "fields": {"user": 3, "offer": 2, "rating_name": 2, "evaluation": 8, "created_at": "2022-07-31T16:35:55.315Z", "updated_at": "2022-07-31T16:35:55.315Z"}}, {"model": "detailsapp.evaluations", "pk": 8, "fields": {"user": 3, "offer": 2, "rating_name": 3, "evaluation": 9, "created_at": "2022-07-31T16:35:55.324Z", "updated_at": "2022-07-31T16:35:55.324Z"}}, {"model": "detailsapp.evaluations", "pk": 9, "fields": {"user": 3, "offer": 2, "rating_name": 4, "evaluation": 9, "created_at": "2022-07-31T16:35:55.333Z", "updated_at": "2022-07-31T16:35:55.333Z"}}, {"model": "detailsapp.evaluations", "pk": 10, "fields": {"user": 3, "offer": 2, "rating_name": 5, "evaluation": 9, "created_at": "2022-07-31T16:35:55.342Z", "updated_at": "2022-07-31T16:35:55.342Z"}}, {"model": "detailsapp.evaluations", "pk": 11, "fields": {"user": 3, "offer": 3, "rating_name": 1, "evaluation": 9, "created_at": "2022-07-31T16:36:24.068Z", "updated_at": "2022-07-31T16:36:24.068Z"}}, {"model": "detailsapp.evaluations", "pk": 12, "fields": {"user": 3, "offer": 3, "rating_name": 2, "evaluation": 10, "created_at": "2022-07-31T16:36:24.079Z", "updated_at": "2022-07-31T16:36:24.079Z"}}, {"model": "detailsapp.evaluations", "pk": 13, "fields": {"user": 3, "offer": 3, "rating_name": 3, "evaluation": 8, "created_at": "2022-07-31T16:36:24.088Z", "updated_at": "2022-07-31T16:36:24.088Z"}}, {"model": "detailsapp.evaluations", "pk": 14, "fields": {"user": 3, "offer": 3, "rating_name": 4, "evaluation": 10, "created_at": "2022-07-31T16:36:24.098Z", "updated_at": "2022-07-31T16:36:24.098Z"}}, {"model": "detailsapp.evaluations", "pk": 15, "fields": {"user": 3, "offer": 3, "rating_name": 5, "evaluation": 8, "created_at": "2022-07-31T16:36:24.107Z", "updated_at": "2022-07-31T16:36:24.107Z"}}, {"model": "detailsapp.evaluations", "pk": 16, "fields": {"user": 3, "offer": 4, "rating_name": 1, "evaluation": 9, "created_at": "2022-07-31T16:36:51.582Z", "updated_at": "2022-07-31T16:36:51.582Z"}}, {"model": "detailsapp.evaluations", "pk": 17, "fields": {"user": 3, "offer": 4, "rating_name": 2, "evaluation": 10, "created_at": "2022-07-31T16:36:51.591Z", "updated_at": "2022-07-31T16:36:51.591Z"}}, {"model": "detailsapp.evaluations", "pk": 18, "fields": {"user": 3, "offer": 4, "rating_name": 3, "evaluation": 10, "created_at": "2022-07-31T16:36:51.600Z", "updated_at": "2022-07-31T16:36:51.601Z"}}, {"model": "detailsapp.evaluations", "pk": 19, "fields": {"user": 3, "offer": 4, "rating_name": 4, "evaluation": 8, "created_at": "2022-07-31T16:36:51.610Z", "updated_at": "2022-07-31T16:36:51.610Z"}}, {"model": "detailsapp.evaluations", "pk": 20, "fields": {"user": 3, "offer": 4, "rating_name": 5, "evaluation": 9, "created_at": "2022-07-31T16:36:51.619Z", "updated_at": "2022-07-31T16:36:51.619Z"}}, {"model": "detailsapp.evaluations", "pk": 21, "fields": {"user": 4, "offer": 6, "rating_name": 1, "evaluation": 9, "created_at": "2022-07-31T17:12:04.566Z", "updated_at": "2022-07-31T17:12:04.566Z"}}, {"model": "detailsapp.evaluations", "pk": 22, "fields": {"user": 4, "offer": 6, "rating_name": 2, "evaluation": 9, "created_at": "2022-07-31T17:12:04.621Z", "updated_at": "2022-07-31T17:12:04.621Z"}}, {"model": "detailsapp.evaluations", "pk": 23, "fields": {"user": 4, "offer": 6, "rating_name": 3, "evaluation": 10, "created_at": "2022-07-31T17:12:04.674Z", "updated_at": "2022-07-31T17:12:04.674Z"}}, {"model": "detailsapp.evaluations", "pk": 24, "fields": {"user": 4, "offer": 6, "rating_name": 4, "evaluation": 9, "created_at": "2022-07-31T17:12:04.768Z", "updated_at": "2022-07-31T17:12:04.769Z"}}, {"model": "detailsapp.evaluations", "pk": 25, "fields": {"user": 4, "offer": 6, "rating_name": 5, "evaluation": 10, "created_at": "2022-07-31T17:12:04.813Z", "updated_at": "2022-07-31T17:12:04.813Z"}}, {"model": "detailsapp.evaluations", "pk": 26, "fields": {"user": 4, "offer": 7, "rating_name": 1, "evaluation": 9, "created_at": "2022-07-31T17:13:00.668Z", "updated_at": "2022-07-31T17:13:00.668Z"}}, {"model": "detailsapp.evaluations", "pk": 27, "fields": {"user": 4, "offer": 7, "rating_name": 2, "evaluation": 10, "created_at": "2022-07-31T17:13:00.702Z", "updated_at": "2022-07-31T17:13:00.702Z"}}, {"model": "detailsapp.evaluations", "pk": 28, "fields": {"user": 4, "offer": 7, "rating_name": 3, "evaluation": 9, "created_at": "2022-07-31T17:13:00.733Z", "updated_at": "2022-07-31T17:13:00.733Z"}}, {"model": "detailsapp.evaluations", "pk": 29, "fields": {"user": 4, "offer": 7, "rating_name": 4, "evaluation": 10, "created_at": "2022-07-31T17:13:00.765Z", "updated_at": "2022-07-31T17:13:00.765Z"}}, {"model": "detailsapp.evaluations", "pk": 30, "fields": {"user": 4, "offer": 7, "rating_name": 5, "evaluation": 9, "created_at": "2022-07-31T17:13:00.797Z", "updated_at": "2022-07-31T17:13:00.797Z"}}, {"model": "detailsapp.evaluations", "pk": 31, "fields": {"user": 4, "offer": 8, "rating_name": 1, "evaluation": 10, "created_at": "2022-07-31T17:14:19.354Z", "updated_at": "2022-07-31T17:14:19.354Z"}}, {"model": "detailsapp.evaluations", "pk": 32, "fields": {"user": 4, "offer": 8, "rating_name": 2, "evaluation": 9, "created_at": "2022-07-31T17:14:19.400Z", "updated_at": "2022-07-31T17:14:19.400Z"}}, {"model": "detailsapp.evaluations", "pk": 33, "fields": {"user": 4, "offer": 8, "rating_name": 3, "evaluation": 9, "created_at": "2022-07-31T17:14:19.430Z", "updated_at": "2022-07-31T17:14:19.430Z"}}, {"model": "detailsapp.evaluations", "pk": 34, "fields": {"user": 4, "offer": 8, "rating_name": 4, "evaluation": 8, "created_at": "2022-07-31T17:14:19.461Z", "updated_at": "2022-07-31T17:14:19.461Z"}}, {"model": "detailsapp.evaluations", "pk": 35, "fields": {"user": 4, "offer": 8, "rating_name": 5, "evaluation": 9, "created_at": "2022-07-31T17:14:19.493Z", "updated_at": "2022-07-31T17:14:19.494Z"}}, {"model": "feedbackapp.contact", "pk": 1, "fields": {"first_address": "A108 Adam Street,", "second_address": "New York, NY 535022", "first_phone": "+1 5589 55488 55", "second_phone": "+1 6678 254445 41", "first_mail": "info@example.com", "second_mail": "contact@example.com", "working_days": "Понедельник - Пятница", "Opening_hours": "9:00 - 21:00"}}, {"model": "feedbackapp.questioncategory", "pk": 1, "fields": {"name": "Основные", "created": "2022-07-29T20:36:52.875Z", "updated": "2022-07-29T20:36:52.875Z"}}, {"model": "feedbackapp.questioncategory", "pk": 2, "fields": {"name": "Личные данные", "created": "2022-07-29T20:36:52.882Z", "updated": "2022-07-29T20:36:52.882Z"}}, {"model": "feedbackapp.questioncategory", "pk": 3, "fields": {"name": "О сайте", "created": "2022-07-29T20:36:52.888Z", "updated": "2022-07-29T20:36:52.888Z"}}, {"model": "feedbackapp.questioncategory", "pk": 4, "fields": {"name": "Пользователям", "created": "2022-07-29T20:36:52.894Z", "updated": "2022-07-29T20:36:52.894Z"}}, {"model": "feedbackapp.questioncategory", "pk": 5, "fields": {"name": "Арендодателям", "created": "2022-07-29T20:36:52.900Z", "updated": "2022-07-29T20:36:52.900Z"}}, {"model": "feedbackapp.question", "pk": 1, "fields": {"category": 1, "name": "Как связаться с тех-поддержкой?", "slug": "kak-svezatsa-s-teh-potdderhkoi", "text": "Перейдите на страницу \"Контакты\" и свяжитесь с нами через форму отправки сообщения.", "created": "2022-07-29T20:36:52.908Z", "updated": "2022-07-29T20:36:52.908Z"}}, {"model": "feedbackapp.question", "pk": 2, "fields": {"category": 2, "name": "Как изменить информацию о себе?", "slug": "kak-izmenit-informaciu-o-sebe", "text": "Перейдите на страницу профиля и выберете пункт \"Редактировать профиль\".", "created": "2022-07-29T20:36:52.917Z", "updated": "2022-07-29T20:36:52.917Z"}}, {"model": "feedbackapp.question", "pk": 3, "fields": {"category": 2, "name": "Как сменить пароль?", "slug": "kak-smenit-parol", "text": "Перейдите на страницу профиля и выберете пункт \"Сменить пароль\".", "created": "2022-07-29T20:36:52.923Z", "updated": "2022-07-29T20:36:52.923Z"}}, {"model": "feedbackapp.question", "pk": 4, "fields": {"category": 3, "name": "Я могу устроиться к вам работать?", "slug": "i-mogu-ustroitsa-k-vam-pabotat", "text": "Перейдите на страницу контактов и напишите нам сообщение с информацией о себе, кем вы хотите работать и прикрепите ссылку на ваше резюме. В теме сообщения напишите \"Работа\".", "created": "2022-07-29T20:36:52.930Z", "updated": "2022-07-29T20:36:52.930Z"}}, {"model": "feedbackapp.question", "pk": 5, "fields": {"category": 5, "name": "Как стать арендодателем?", "slug": "kak-stat-arendodatelem", "text": "Для того, чтобы стать арендодателем, вам необходимо получить этот статус. Статус выдается администратором после рассмотрения заявки. Создать заявку вы можете сразу при регистрации, выбрав тип аккаунта \"Арендодатель\" или из Личного Кабинета, выбрав \"Стать арендодателем\" и заполнив форму.", "created": "2022-07-29T20:36:52.938Z", "updated": "2022-07-29T20:36:52.938Z"}}, {"model": "feedbackapp.question", "pk": 6, "fields": {"category": 5, "name": "Как разместить объявление?", "slug": "kak-razmestit-objavlenie", "text": "Размещать объявления могут пользователи, со статусом \"Арендодатель\". Чтобы узнать, как его получить, откройте соответствующий вопрос в F.A.Q.После получения этого статуса, на главной странице появится кнопка Предложить помещение. Там вам необходимо заполнить все указанные поля и ваше объявление отправится на модерацию. После прохождения модерации оно появится в каталоге и другие пользователи смогут его просмотреть.", "created": "2022-07-29T20:36:52.945Z", "updated": "2022-07-29T20:36:52.945Z"}}, {"model": "feedbackapp.question", "pk": 7, "fields": {"category": 4, "name": "Как найти подходящее объявление?", "slug": "kak-naiti-podhodyashee-objavlenie", "text": "Для того, чтобы найти подходящее место для коворкинга, вы можете воспользоваться нашим поисковиком в каталоге. Для того, чтобы попасть в Каталог, в строке поиска на главной странице укажите необходимый город и нажмите \"Найти\". Попав в каталог, вы можете воспользоваться дополнительными фильтрами. Найдя подходящее объявление, вы можете перейти в это объявление и оформить заявку на бронирование.", "created": "2022-07-29T20:36:52.952Z", "updated": "2022-07-29T20:36:52.952Z"}}, {"model": "feedbackapp.question", "pk": 8, "fields": {"category": 4, "name": "Как оформить заявку на бронирование?", "slug": "kak-oformit-zayavku-na-bronirovanie", "text": "Для оформление заявки на бронирование необходимо перейти на страницу объявления и заполнить форму. В этой форме вам необходимо заполнить поля \"Начало аренды\", \"Конец аренды\". После этого необходимо указать необходимое вам кол-во мест. После этого откроется список доступных периодов, которые максимально приближены к вашему запросу. После выбора периода, необходимо указать сколько мест будет указано в заявке и нажать \"Принять\".", "created": "2022-07-29T20:36:52.960Z", "updated": "2022-07-29T20:36:52.960Z"}}, {"model": "feedbackapp.question", "pk": 9, "fields": {"category": 4, "name": "Как оставить отзыв?", "slug": "kak-ostavit-otziv", "text": "Оставить отзыв вы можете из Личного Кабинета. В разделе \"Мои бронирования\" во вкладке \"Текущие заказы\" будут перечислены ваши активные заявки, которые вы можете в любой момент закрыть и оставить отзыв. Выбрав \"Закрыть и оставить отзыв\" вы попадете на страницу создания отзыва. Выставите там оценки, и напишите свое впечатление, которые максимально отражают действительную обстановку, чтобы помочь в улучшении качества предоставляемых услуг. После публикации, ваш отзыв можно найти на странице объявления.", "created": "2022-07-29T20:36:52.968Z", "updated": "2022-07-29T20:36:52.968Z"}}, {"model": "createapp.address", "pk": 1, "fields": {"city": "Санкт-Петербург", "street": "Кузнецовская улица", "building": "36", "latitude": "59.871960", "longitude": "30.323818", "created_at": "2022-07-29T20:39:42.014Z", "updated_at": "2022-07-29T20:39:42.014Z"}}, {"model": "createapp.address", "pk": 2, "fields": {"city": "Санкт-Петербург", "street": "Пушкинская улица", "building": "18", "latitude": "59.928041", "longitude": "30.356714", "created_at": "2022-07-29T21:17:24.978Z", "updated_at": "2022-07-29T21:17:24.979Z"}}, {"model": "createapp.address", "pk": 3, "fields": {"city": "Санкт-Петербург", "street": "Инженерная улица", "building": "4/1М", "latitude": "59.937544", "longitude": "30.335874", "created_at": "2022-07-29T21:18:33.567Z", "updated_at": "2022-07-29T21:18:33.567Z"}}, {"model": "createapp.address", "pk": 4, "fields": {"city": "Санкт-Петербург", "street": "Кирочная улица", "building": "20", "latitude": "59.944161", "longitude": "30.356176", "created_at": "2022-07-29T21:20:16.715Z", "updated_at": "2022-07-29T21:20:16.715Z"}}, {"model": "createapp.address", "pk": 5, "fields": {"city": "Санкт-Петербург", "street": "2-я Красноармейская улица", "building": "14", "latitude": "59.915102", "longitude": "30.311727", "created_at": "2022-07-29T21:22:04.150Z", "updated_at": "2022-07-29T21:22:04.150Z"}}, {"model": "createapp.address", "pk": 7, "fields": {"city": "Москва", "street": "Пресненская набережная", "building": "2", "latitude": "55.749162", "longitude": "37.539742", "created_at": "2022-07-30T18:59:09.527Z", "updated_at": "2022-07-30T18:59:09.527Z"}}, {"model": "createapp.address", "pk": 8, "fields": {"city": "Москва", "street": "Садовническая улица", "building": "18", "latitude": "55.746998", "longitude": "37.629906", "created_at": "2022-07-30T19:00:50.594Z", "updated_at": "2022-07-30T19:00:50.594Z"}}, {"model": "createapp.address", "pk": 9, "fields": {"city": "Москва", "street": "улица Щипок", "building": "13с1", "latitude": "55.725615", "longitude": "37.632817", "created_at": "2022-07-30T19:05:17.401Z", "updated_at": "2022-07-30T19:05:17.401Z"}}, {"model": "createapp.address", "pk": 10, "fields": {"city": "Челябинск", "street": "улица Васенко", "building": "37", "latitude": "55.164274", "longitude": "61.396131", "created_at": "2022-07-31T17:21:41.258Z", "updated_at": "2022-07-31T17:21:41.258Z"}}, {"model": "createapp.address", "pk": 11, "fields": {"city": "Челябинск", "street": "Пионерская улица", "building": "4", "latitude": "55.192775", "longitude": "61.346966", "created_at": "2022-07-31T17:40:29.604Z", "updated_at": "2022-07-31T17:40:29.604Z"}}, {"model": "createapp.roomcategory", "pk": 1, "fields": {"name": "Открытое место", "created_at": "2022-07-29T20:36:53.227Z", "updated_at": "2022-07-29T20:36:53.227Z"}}, {"model": "createapp.roomcategory", "pk": 2, "fields": {"name": "Офис", "created_at": "2022-07-29T20:36:53.233Z", "updated_at": "2022-07-29T20:36:53.233Z"}}, {"model": "createapp.roomcategory", "pk": 3, "fields": {"name": "Приватный офис", "created_at": "2022-07-29T20:36:53.239Z", "updated_at": "2022-07-29T20:36:53.239Z"}}, {"model": "createapp.roomcategory", "pk": 4, "fields": {"name": "Зал для конференций", "created_at": "2022-07-29T20:36:53.246Z", "updated_at": "2022-07-29T20:36:53.246Z"}}, {"model": "createapp.roomcategory", "pk": 5, "fields": {"name": "Видео-студия", "created_at": "2022-07-29T20:36:53.252Z", "updated_at": "2022-07-29T20:36:53.252Z"}}, {"model": "createapp.room", "pk": 1, "fields": {"name": "Room Name", "square": 70.0, "description": "Description", "payment_per_hour": "1000.00", "category": 2, "seats_number": 35, "minimum_booking_time": 70, "start_working_hours": "08:00:00", "end_working_hours": "23:00:00", "phone_number": "89995555555", "address": 1, "room_owner": 1, "created_at": "2022-07-29T20:39:42.017Z", "updated_at": "2022-07-30T18:33:09.614Z", "is_active": true, "is_published": true}}, {"model": "createapp.room", "pk": 2, "fields": {"name": "Moscow Work Place", "square": 100.0, "description": "Наши резиденты всегда находят рабочее место, близкое им по духу и внутреннему комфорту", "payment_per_hour": "210.00", "category": 1, "seats_number": 150, "minimum_booking_time": 70, "start_working_hours": "08:00:00", "end_working_hours": "23:00:00", "phone_number": "89995555555", "address": 2, "room_owner": 1, "created_at": "2022-07-29T21:17:24.985Z", "updated_at": "2022-07-30T18:33:12.589Z", "is_active": true, "is_published": true}}, {"model": "createapp.room", "pk": 3, "fields": {"name": "Рабочая лошадка", "square": 200.0, "description": "Description", "payment_per_hour": "250.00", "category": 1, "seats_number": 150, "minimum_booking_time": 70, "start_working_hours": "08:00:00", "end_working_hours": "23:00:00", "phone_number": "89995555555", "address": 3, "room_owner": 1, "created_at": "2022-07-29T21:18:33.572Z", "updated_at": "2022-07-30T18:33:13.844Z", "is_active": true, "is_published": true}}, {"model": "createapp.room", "pk": 4, "fields": {"name": "Communa", "square": 250.0, "description": "Креативный коворкинг в историческом центре Петербурга, напротив метро Чернышевская", "payment_per_hour": "230.00", "category": 2, "seats_number": 120, "minimum_booking_time": 70, "start_working_hours": "08:00:00", "end_working_hours": "23:00:00", "phone_number": "89995555555", "address": 4, "room_owner": 1, "created_at": "2022-07-29T21:20:16.721Z", "updated_at": "2022-07-30T18:33:15.597Z", "is_active": true, "is_published": true}}, {"model": "createapp.room", "pk": 5, "fields": {"name": "WorkTogether", "square": 170.0, "description": "Description", "payment_per_hour": "300.00", "category": 2, "seats_number": 150, "minimum_booking_time": 70, "start_working_hours": "08:00:00", "end_working_hours": "23:00:00", "phone_number": "89995555555", "address": 5, "room_owner": 1, "created_at": "2022-07-29T21:22:04.156Z", "updated_at": "2022-07-30T18:33:16.977Z", "is_active": true, "is_published": true}}, {"model": "createapp.room", "pk": 6, "fields": {"name": "Work in MoscowCity", "square": 300.0, "description": "Лучшие виды Москвы из башни MoscowCity, оборудованные рабочие места, кафе, переговорные, конференц-залы, open space", "payment_per_hour": "550.00", "category": 1, "seats_number": 300, "minimum_booking_time": 70, "start_working_hours": "08:00:00", "end_working_hours": "23:00:00", "phone_number": "89995555520", "address": 7, "room_owner": 3, "created_at": "2022-07-30T18:57:33.692Z", "updated_at": "2022-07-30T19:06:10.131Z", "is_active": true, "is_published": true}}, {"model": "createapp.room", "pk": 7, "fields": {"name": "Работаем вместе", "square": 100.0, "description": "Пространство для работы, отдыха в центре Москвы", "payment_per_hour": "340.00", "category": 1, "seats_number": 55, "minimum_booking_time": 70, "start_working_hours": "08:00:00", "end_working_hours": "23:00:00", "phone_number": "89995555555", "address": 8, "room_owner": 3, "created_at": "2022-07-30T19:00:50.602Z", "updated_at": "2022-07-30T19:01:04.296Z", "is_active": true, "is_published": true}}, {"model": "createapp.room", "pk": 8, "fields": {"name": "Let's work", "square": 70.0, "description": "У нас вы найдете комфорт, уют, рабочую обстановку и очень вкусный кофе!", "payment_per_hour": "320.00", "category": 2, "seats_number": 50, "minimum_booking_time": 70, "start_working_hours": "08:00:00", "end_working_hours": "23:00:00", "phone_number": "89995555555", "address": 9, "room_owner": 3, "created_at": "2022-07-30T19:05:17.403Z", "updated_at": "2022-07-30T19:05:22.739Z", "is_active": true, "is_published": true}}, {"model": "createapp.room", "pk": 9, "fields": {"name": "Рабочее пространство", "square": 100.0, "description": "Тихое уютное место для работы", "payment_per_hour": "250.00", "category": 1, "seats_number": 40, "minimum_booking_time": 60, "start_working_hours": "07:30:00", "end_working_hours": "23:00:00", "phone_number": "89916163399", "address": 10, "room_owner": 5, "created_at": "2022-07-31T17:21:41.263Z", "updated_at": "2022-07-31T17:34:02.537Z", "is_active": true, "is_published": true}}, {"model": "createapp.room", "pk": 10, "fields": {"name": "Elementary", "square": 500.0, "description": "Отличное место", "payment_per_hour": "400.00", "category": 5, "seats_number": 40, "minimum_booking_time": 60, "start_working_hours": "07:30:00", "end_working_hours": "00:00:00", "phone_number": "89997659955", "address": 11, "room_owner": 3, "created_at": "2022-07-31T17:40:29.606Z", "updated_at": "2022-07-31T17:40:44.363Z", "is_active": true, "is_published": true}}, {"model": "createapp.offerimages", "pk": 1, "fields": {"room": 1, "image": "offer_images/news-2.jpg"}}, {"model": "createapp.offerimages", "pk": 2, "fields": {"room": 2, "image": "offer_images/news-5.jpg"}}, {"model": "createapp.offerimages", "pk": 3, "fields": {"room": 3, "image": "offer_images/news-4.jpg"}}, {"model": "createapp.offerimages", "pk": 4, "fields": {"room": 4, "image": "offer_images/news-3.jpg"}}, {"model": "createapp.offerimages", "pk": 5, "fields": {"room": 5, "image": "offer_images/news-1.jpg"}}, {"model": "createapp.offerimages", "pk": 6, "fields": {"room": 6, "image": "offer_images/cow_2__копия.jpg"}}, {"model": "createapp.offerimages", "pk": 7, "fields": {"room": 6, "image": "offer_images/cow_3__копия.jpg"}}, {"model": "createapp.offerimages", "pk": 8, "fields": {"room": 7, "image": "offer_images/cow_1.jpg"}}, {"model": "createapp.offerimages", "pk": 9, "fields": {"room": 8, "image": "offer_images/cow1.jpg"}}, {"model": "createapp.offerimages", "pk": 10, "fields": {"room": 8, "image": "offer_images/cow2.jpg"}}, {"model": "createapp.offerimages", "pk": 11, "fields": {"room": 9, "image": "offer_images/chelyabinsk.png"}}, {"model": "createapp.offerimages", "pk": 12, "fields": {"room": 10, "image": "offer_images/cow_4.jpg"}}, {"model": "createapp.conveniencetype", "pk": 1, "fields": {"name": "Ключевые удобства", "created_at": "2022-07-29T20:36:53.008Z", "updated_at": "2022-07-29T20:36:53.008Z"}}, {"model": "createapp.conveniencetype", "pk": 2, "fields": {"name": "Еда и напитки", "created_at": "2022-07-29T20:36:53.014Z", "updated_at": "2022-07-29T20:36:53.014Z"}}, {"model": "createapp.conveniencetype", "pk": 3, "fields": {"name": "Оборудование", "created_at": "2022-07-29T20:36:53.021Z", "updated_at": "2022-07-29T20:36:53.021Z"}}, {"model": "createapp.conveniencetype", "pk": 4, "fields": {"name": "Специальные зоны", "created_at": "2022-07-29T20:36:53.027Z", "updated_at": "2022-07-29T20:36:53.027Z"}}, {"model": "createapp.conveniencetype", "pk": 5, "fields": {"name": "Услуги", "created_at": "2022-07-29T20:36:53.034Z", "updated_at": "2022-07-29T20:36:53.034Z"}}, {"model": "createapp.conveniencetype", "pk": 6, "fields": {"name": "Общение", "created_at": "2022-07-29T20:36:53.040Z", "updated_at": "2022-07-29T20:36:53.040Z"}}, {"model": "createapp.conveniencetype", "pk": 7, "fields": {"name": "Транспорт", "created_at": "2022-07-29T20:36:53.046Z", "updated_at": "2022-07-29T20:36:53.046Z"}}, {"model": "createapp.conveniencetype", "pk": 8, "fields": {"name": "Здоровье", "created_at": "2022-07-29T20:36:53.051Z", "updated_at": "2022-07-29T20:36:53.051Z"}}, {"model": "createapp.convenience", "pk": 1, "fields": {"name": "Wi-Fi", "file_name": "wifi.html", "convenience_type": 1, "created_at": "2022-07-29T20:36:53.059Z", "updated_at": "2022-07-29T20:36:53.059Z"}}, {"model": "createapp.convenience", "pk": 2, "fields": {"name": "Современный ремонт", "file_name": "modern_repair.html", "convenience_type": 1, "created_at": "2022-07-29T20:36:53.066Z", "updated_at": "2022-07-29T20:36:53.066Z"}}, {"model": "createapp.convenience", "pk": 3, "fields": {"name": "Высокоскоростной интернет", "file_name": "high-speed_Internet.html", "convenience_type": 1, "created_at": "2022-07-29T20:36:53.073Z", "updated_at": "2022-07-29T20:36:53.073Z"}}, {"model": "createapp.convenience", "pk": 4, "fields": {"name": "Мебель", "file_name": "furniture.html", "convenience_type": 1, "created_at": "2022-07-29T20:36:53.081Z", "updated_at": "2022-07-29T20:36:53.081Z"}}, {"model": "createapp.convenience", "pk": 5, "fields": {"name": "Охрана", "file_name": "security.html", "convenience_type": 1, "created_at": "2022-07-29T20:36:53.088Z", "updated_at": "2022-07-29T20:36:53.088Z"}}, {"model": "createapp.convenience", "pk": 6, "fields": {"name": "Еда и напитки", "file_name": "drinks.html", "convenience_type": 2, "created_at": "2022-07-29T20:36:53.095Z", "updated_at": "2022-07-29T20:36:53.095Z"}}, {"model": "createapp.convenience", "pk": 7, "fields": {"name": "Закуски/фрукты", "file_name": "snacks.html", "convenience_type": 2, "created_at": "2022-07-29T20:36:53.103Z", "updated_at": "2022-07-29T20:36:53.103Z"}}, {"model": "createapp.convenience", "pk": 8, "fields": {"name": "Кухня", "file_name": "kitchen.html", "convenience_type": 2, "created_at": "2022-07-29T20:36:53.111Z", "updated_at": "2022-07-29T20:36:53.111Z"}}, {"model": "createapp.convenience", "pk": 9, "fields": {"name": "Cafe", "file_name": "cafe.html", "convenience_type": 2, "created_at": "2022-07-29T20:36:53.118Z", "updated_at": "2022-07-29T20:36:53.118Z"}}, {"model": "createapp.convenience", "pk": 10, "fields": {"name": "Принтер/сканер", "file_name": "scanner.html", "convenience_type": 3, "created_at": "2022-07-29T20:36:53.126Z", "updated_at": "2022-07-29T20:36:53.126Z"}}, {"model": "createapp.convenience", "pk": 11, "fields": {"name": "Факс", "file_name": "fax.html", "convenience_type": 3, "created_at": "2022-07-29T20:36:53.133Z", "updated_at": "2022-07-29T20:36:53.133Z"}}, {"model": "createapp.convenience", "pk": 12, "fields": {"name": "Флипчарт", "file_name": "flipchart.html", "convenience_type": 3, "created_at": "2022-07-29T20:36:53.140Z", "updated_at": "2022-07-29T20:36:53.140Z"}}, {"model": "createapp.convenience", "pk": 13, "fields": {"name": "Переговорные комнаты", "file_name": "conference_room.html", "convenience_type": 4, "created_at": "2022-07-29T20:36:53.147Z", "updated_at": "2022-07-29T20:36:53.147Z"}}, {"model": "createapp.convenience", "pk": 14, "fields": {"name": "Телефон", "file_name": "phone.html", "convenience_type": 4, "created_at": "2022-07-29T20:36:53.154Z", "updated_at": "2022-07-29T20:36:53.154Z"}}, {"model": "createapp.convenience", "pk": 15, "fields": {"name": "Шкафчики", "file_name": "locker.html", "convenience_type": 4, "created_at": "2022-07-29T20:36:53.161Z", "updated_at": "2022-07-29T20:36:53.162Z"}}, {"model": "createapp.convenience", "pk": 16, "fields": {"name": "Техническая поддержка", "file_name": "support.html", "convenience_type": 5, "created_at": "2022-07-29T20:36:53.168Z", "updated_at": "2022-07-29T20:36:53.168Z"}}, {"model": "createapp.convenience", "pk": 17, "fields": {"name": "Ресепшн", "file_name": "reception.html", "convenience_type": 5, "created_at": "2022-07-29T20:36:53.176Z", "updated_at": "2022-07-29T20:36:53.176Z"}}, {"model": "createapp.convenience", "pk": 18, "fields": {"name": "Клининг", "file_name": "cleaning.html", "convenience_type": 5, "created_at": "2022-07-29T20:36:53.183Z", "updated_at": "2022-07-29T20:36:53.183Z"}}, {"model": "createapp.convenience", "pk": 19, "fields": {"name": "Зоны отдыха", "file_name": "relax.html", "convenience_type": 6, "created_at": "2022-07-29T20:36:53.191Z", "updated_at": "2022-07-29T20:36:53.191Z"}}, {"model": "createapp.convenience", "pk": 20, "fields": {"name": "Мероприятия", "file_name": "events.html", "convenience_type": 6, "created_at": "2022-07-29T20:36:53.198Z", "updated_at": "2022-07-29T20:36:53.198Z"}}, {"model": "createapp.convenience", "pk": 21, "fields": {"name": "Парковка", "file_name": "parking.html", "convenience_type": 7, "created_at": "2022-07-29T20:36:53.206Z", "updated_at": "2022-07-29T20:36:53.206Z"}}, {"model": "createapp.convenience", "pk": 22, "fields": {"name": "Велопарковка", "file_name": "bike_parking.html", "convenience_type": 7, "created_at": "2022-07-29T20:36:53.213Z", "updated_at": "2022-07-29T20:36:53.213Z"}}, {"model": "createapp.convenience", "pk": 23, "fields": {"name": "Спортзал", "file_name": "gym.html", "convenience_type": 8, "created_at": "2022-07-29T20:36:53.220Z", "updated_at": "2022-07-29T20:36:53.220Z"}}, {"model": "createapp.convenienceroom", "pk": 1, "fields": {"room_id": 1, "convenience_id": 11, "created_at": "2022-07-29T20:39:42.019Z", "updated_at": "2022-07-29T20:39:42.019Z"}}, {"model": "createapp.convenienceroom", "pk": 2, "fields": {"room_id": 1, "convenience_id": 20, "created_at": "2022-07-29T20:39:42.020Z", "updated_at": "2022-07-29T20:39:42.020Z"}}, {"model": "createapp.convenienceroom", "pk": 3, "fields": {"room_id": 1, "convenience_id": 3, "created_at": "2022-07-29T20:39:42.020Z", "updated_at": "2022-07-29T20:39:42.020Z"}}, {"model": "createapp.convenienceroom", "pk": 4, "fields": {"room_id": 1, "convenience_id": 14, "created_at": "2022-07-29T20:39:42.020Z", "updated_at": "2022-07-29T20:39:42.020Z"}}, {"model": "createapp.convenienceroom", "pk": 5, "fields": {"room_id": 1, "convenience_id": 7, "created_at": "2022-07-29T20:39:42.020Z", "updated_at": "2022-07-29T20:39:42.020Z"}}, {"model": "createapp.convenienceroom", "pk": 6, "fields": {"room_id": 1, "convenience_id": 21, "created_at": "2022-07-29T20:39:42.020Z", "updated_at": "2022-07-29T20:39:42.020Z"}}, {"model": "createapp.convenienceroom", "pk": 7, "fields": {"room_id": 1, "convenience_id": 4, "created_at": "2022-07-29T20:39:42.020Z", "updated_at": "2022-07-29T20:39:42.020Z"}}, {"model": "createapp.convenienceroom", "pk": 8, "fields": {"room_id": 1, "convenience_id": 16, "created_at": "2022-07-29T20:39:42.020Z", "updated_at": "2022-07-29T20:39:42.020Z"}}, {"model": "createapp.convenienceroom", "pk": 9, "fields": {"room_id": 2, "convenience_id": 6, "created_at": "2022-07-29T21:17:24.989Z", "updated_at": "2022-07-29T21:17:24.989Z"}}, {"model": "createapp.convenienceroom", "pk": 10, "fields": {"room_id": 2, "convenience_id": 13, "created_at": "2022-07-29T21:17:24.989Z", "updated_at": "2022-07-29T21:17:24.989Z"}}, {"model": "createapp.convenienceroom", "pk": 11, "fields": {"room_id": 2, "convenience_id": 1, "created_at": "2022-07-29T21:17:24.989Z", "updated_at": "2022-07-29T21:17:24.989Z"}}, {"model": "createapp.convenienceroom", "pk": 12, "fields": {"room_id": 2, "convenience_id": 2, "created_at": "2022-07-29T21:17:24.989Z", "updated_at": "2022-07-29T21:17:24.989Z"}}, {"model": "createapp.convenienceroom", "pk": 13, "fields": {"room_id": 2, "convenience_id": 11, "created_at": "2022-07-29T21:17:24.989Z", "updated_at": "2022-07-29T21:17:24.989Z"}}, {"model": "createapp.convenienceroom", "pk": 14, "fields": {"room_id": 2, "convenience_id": 20, "created_at": "2022-07-29T21:17:24.989Z", "updated_at": "2022-07-29T21:17:24.990Z"}}, {"model": "createapp.convenienceroom", "pk": 15, "fields": {"room_id": 2, "convenience_id": 3, "created_at": "2022-07-29T21:17:24.990Z", "updated_at": "2022-07-29T21:17:24.990Z"}}, {"model": "createapp.convenienceroom", "pk": 16, "fields": {"room_id": 2, "convenience_id": 7, "created_at": "2022-07-29T21:17:24.990Z", "updated_at": "2022-07-29T21:17:24.990Z"}}, {"model": "createapp.convenienceroom", "pk": 17, "fields": {"room_id": 2, "convenience_id": 10, "created_at": "2022-07-29T21:17:24.990Z", "updated_at": "2022-07-29T21:17:24.990Z"}}, {"model": "createapp.convenienceroom", "pk": 18, "fields": {"room_id": 2, "convenience_id": 21, "created_at": "2022-07-29T21:17:24.990Z", "updated_at": "2022-07-29T21:17:24.990Z"}}, {"model": "createapp.convenienceroom", "pk": 19, "fields": {"room_id": 2, "convenience_id": 17, "created_at": "2022-07-29T21:17:24.990Z", "updated_at": "2022-07-29T21:17:24.990Z"}}, {"model": "createapp.convenienceroom", "pk": 20, "fields": {"room_id": 2, "convenience_id": 4, "created_at": "2022-07-29T21:17:24.990Z", "updated_at": "2022-07-29T21:17:24.990Z"}}, {"model": "createapp.convenienceroom", "pk": 21, "fields": {"room_id": 2, "convenience_id": 16, "created_at": "2022-07-29T21:17:24.990Z", "updated_at": "2022-07-29T21:17:24.990Z"}}, {"model": "createapp.convenienceroom", "pk": 22, "fields": {"room_id": 3, "convenience_id": 6, "created_at": "2022-07-29T21:18:33.575Z", "updated_at": "2022-07-29T21:18:33.576Z"}}, {"model": "createapp.convenienceroom", "pk": 23, "fields": {"room_id": 3, "convenience_id": 13, "created_at": "2022-07-29T21:18:33.576Z", "updated_at": "2022-07-29T21:18:33.576Z"}}, {"model": "createapp.convenienceroom", "pk": 24, "fields": {"room_id": 3, "convenience_id": 1, "created_at": "2022-07-29T21:18:33.576Z", "updated_at": "2022-07-29T21:18:33.576Z"}}, {"model": "createapp.convenienceroom", "pk": 25, "fields": {"room_id": 3, "convenience_id": 2, "created_at": "2022-07-29T21:18:33.576Z", "updated_at": "2022-07-29T21:18:33.576Z"}}, {"model": "createapp.convenienceroom", "pk": 26, "fields": {"room_id": 3, "convenience_id": 11, "created_at": "2022-07-29T21:18:33.576Z", "updated_at": "2022-07-29T21:18:33.576Z"}}, {"model": "createapp.convenienceroom", "pk": 27, "fields": {"room_id": 3, "convenience_id": 19, "created_at": "2022-07-29T21:18:33.576Z", "updated_at": "2022-07-29T21:18:33.576Z"}}, {"model": "createapp.convenienceroom", "pk": 28, "fields": {"room_id": 3, "convenience_id": 3, "created_at": "2022-07-29T21:18:33.576Z", "updated_at": "2022-07-29T21:18:33.576Z"}}, {"model": "createapp.convenienceroom", "pk": 29, "fields": {"room_id": 3, "convenience_id": 14, "created_at": "2022-07-29T21:18:33.576Z", "updated_at": "2022-07-29T21:18:33.577Z"}}, {"model": "createapp.convenienceroom", "pk": 30, "fields": {"room_id": 3, "convenience_id": 7, "created_at": "2022-07-29T21:18:33.577Z", "updated_at": "2022-07-29T21:18:33.577Z"}}, {"model": "createapp.convenienceroom", "pk": 31, "fields": {"room_id": 3, "convenience_id": 12, "created_at": "2022-07-29T21:18:33.577Z", "updated_at": "2022-07-29T21:18:33.577Z"}}, {"model": "createapp.convenienceroom", "pk": 32, "fields": {"room_id": 3, "convenience_id": 10, "created_at": "2022-07-29T21:18:33.577Z", "updated_at": "2022-07-29T21:18:33.577Z"}}, {"model": "createapp.convenienceroom", "pk": 33, "fields": {"room_id": 3, "convenience_id": 15, "created_at": "2022-07-29T21:18:33.577Z", "updated_at": "2022-07-29T21:18:33.577Z"}}, {"model": "createapp.convenienceroom", "pk": 34, "fields": {"room_id": 3, "convenience_id": 17, "created_at": "2022-07-29T21:18:33.577Z", "updated_at": "2022-07-29T21:18:33.577Z"}}, {"model": "createapp.convenienceroom", "pk": 35, "fields": {"room_id": 3, "convenience_id": 18, "created_at": "2022-07-29T21:18:33.577Z", "updated_at": "2022-07-29T21:18:33.577Z"}}, {"model": "createapp.convenienceroom", "pk": 36, "fields": {"room_id": 3, "convenience_id": 21, "created_at": "2022-07-29T21:18:33.577Z", "updated_at": "2022-07-29T21:18:33.577Z"}}, {"model": "createapp.convenienceroom", "pk": 37, "fields": {"room_id": 3, "convenience_id": 4, "created_at": "2022-07-29T21:18:33.577Z", "updated_at": "2022-07-29T21:18:33.577Z"}}, {"model": "createapp.convenienceroom", "pk": 38, "fields": {"room_id": 3, "convenience_id": 16, "created_at": "2022-07-29T21:18:33.577Z", "updated_at": "2022-07-29T21:18:33.578Z"}}, {"model": "createapp.convenienceroom", "pk": 39, "fields": {"room_id": 4, "convenience_id": 6, "created_at": "2022-07-29T21:20:16.727Z", "updated_at": "2022-07-29T21:20:16.727Z"}}, {"model": "createapp.convenienceroom", "pk": 40, "fields": {"room_id": 4, "convenience_id": 13, "created_at": "2022-07-29T21:20:16.727Z", "updated_at": "2022-07-29T21:20:16.728Z"}}, {"model": "createapp.convenienceroom", "pk": 41, "fields": {"room_id": 4, "convenience_id": 1, "created_at": "2022-07-29T21:20:16.728Z", "updated_at": "2022-07-29T21:20:16.728Z"}}, {"model": "createapp.convenienceroom", "pk": 42, "fields": {"room_id": 4, "convenience_id": 2, "created_at": "2022-07-29T21:20:16.728Z", "updated_at": "2022-07-29T21:20:16.728Z"}}, {"model": "createapp.convenienceroom", "pk": 43, "fields": {"room_id": 4, "convenience_id": 11, "created_at": "2022-07-29T21:20:16.728Z", "updated_at": "2022-07-29T21:20:16.728Z"}}, {"model": "createapp.convenienceroom", "pk": 44, "fields": {"room_id": 4, "convenience_id": 3, "created_at": "2022-07-29T21:20:16.729Z", "updated_at": "2022-07-29T21:20:16.729Z"}}, {"model": "createapp.convenienceroom", "pk": 45, "fields": {"room_id": 4, "convenience_id": 7, "created_at": "2022-07-29T21:20:16.729Z", "updated_at": "2022-07-29T21:20:16.729Z"}}, {"model": "createapp.convenienceroom", "pk": 46, "fields": {"room_id": 4, "convenience_id": 15, "created_at": "2022-07-29T21:20:16.729Z", "updated_at": "2022-07-29T21:20:16.729Z"}}, {"model": "createapp.convenienceroom", "pk": 47, "fields": {"room_id": 4, "convenience_id": 17, "created_at": "2022-07-29T21:20:16.729Z", "updated_at": "2022-07-29T21:20:16.730Z"}}, {"model": "createapp.convenienceroom", "pk": 48, "fields": {"room_id": 4, "convenience_id": 18, "created_at": "2022-07-29T21:20:16.730Z", "updated_at": "2022-07-29T21:20:16.730Z"}}, {"model": "createapp.convenienceroom", "pk": 49, "fields": {"room_id": 4, "convenience_id": 9, "created_at": "2022-07-29T21:20:16.730Z", "updated_at": "2022-07-29T21:20:16.730Z"}}, {"model": "createapp.convenienceroom", "pk": 50, "fields": {"room_id": 4, "convenience_id": 10, "created_at": "2022-07-29T21:20:16.730Z", "updated_at": "2022-07-29T21:20:16.730Z"}}, {"model": "createapp.convenienceroom", "pk": 51, "fields": {"room_id": 4, "convenience_id": 22, "created_at": "2022-07-29T21:20:16.731Z", "updated_at": "2022-07-29T21:20:16.731Z"}}, {"model": "createapp.convenienceroom", "pk": 52, "fields": {"room_id": 5, "convenience_id": 6, "created_at": "2022-07-29T21:22:04.160Z", "updated_at": "2022-07-29T21:22:04.160Z"}}, {"model": "createapp.convenienceroom", "pk": 53, "fields": {"room_id": 5, "convenience_id": 13, "created_at": "2022-07-29T21:22:04.160Z", "updated_at": "2022-07-29T21:22:04.160Z"}}, {"model": "createapp.convenienceroom", "pk": 54, "fields": {"room_id": 5, "convenience_id": 1, "created_at": "2022-07-29T21:22:04.160Z", "updated_at": "2022-07-29T21:22:04.160Z"}}, {"model": "createapp.convenienceroom", "pk": 55, "fields": {"room_id": 5, "convenience_id": 2, "created_at": "2022-07-29T21:22:04.160Z", "updated_at": "2022-07-29T21:22:04.160Z"}}, {"model": "createapp.convenienceroom", "pk": 56, "fields": {"room_id": 5, "convenience_id": 11, "created_at": "2022-07-29T21:22:04.161Z", "updated_at": "2022-07-29T21:22:04.161Z"}}, {"model": "createapp.convenienceroom", "pk": 57, "fields": {"room_id": 5, "convenience_id": 19, "created_at": "2022-07-29T21:22:04.161Z", "updated_at": "2022-07-29T21:22:04.161Z"}}, {"model": "createapp.convenienceroom", "pk": 58, "fields": {"room_id": 5, "convenience_id": 3, "created_at": "2022-07-29T21:22:04.161Z", "updated_at": "2022-07-29T21:22:04.161Z"}}, {"model": "createapp.convenienceroom", "pk": 59, "fields": {"room_id": 5, "convenience_id": 14, "created_at": "2022-07-29T21:22:04.161Z", "updated_at": "2022-07-29T21:22:04.161Z"}}, {"model": "createapp.convenienceroom", "pk": 60, "fields": {"room_id": 5, "convenience_id": 7, "created_at": "2022-07-29T21:22:04.161Z", "updated_at": "2022-07-29T21:22:04.161Z"}}, {"model": "createapp.convenienceroom", "pk": 61, "fields": {"room_id": 5, "convenience_id": 12, "created_at": "2022-07-29T21:22:04.161Z", "updated_at": "2022-07-29T21:22:04.162Z"}}, {"model": "createapp.convenienceroom", "pk": 62, "fields": {"room_id": 5, "convenience_id": 21, "created_at": "2022-07-29T21:22:04.162Z", "updated_at": "2022-07-29T21:22:04.162Z"}}, {"model": "createapp.convenienceroom", "pk": 63, "fields": {"room_id": 5, "convenience_id": 15, "created_at": "2022-07-29T21:22:04.162Z", "updated_at": "2022-07-29T21:22:04.162Z"}}, {"model": "createapp.convenienceroom", "pk": 64, "fields": {"room_id": 5, "convenience_id": 10, "created_at": "2022-07-29T21:22:04.162Z", "updated_at": "2022-07-29T21:22:04.162Z"}}, {"model": "createapp.convenienceroom", "pk": 65, "fields": {"room_id": 5, "convenience_id": 16, "created_at": "2022-07-29T21:22:04.162Z", "updated_at": "2022-07-29T21:22:04.162Z"}}, {"model": "createapp.convenienceroom", "pk": 85, "fields": {"room_id": 6, "convenience_id": 22, "created_at": "2022-07-30T18:59:09.556Z", "updated_at": "2022-07-30T18:59:09.556Z"}}, {"model": "createapp.convenienceroom", "pk": 86, "fields": {"room_id": 6, "convenience_id": 20, "created_at": "2022-07-30T18:59:09.556Z", "updated_at": "2022-07-30T18:59:09.556Z"}}, {"model": "createapp.convenienceroom", "pk": 87, "fields": {"room_id": 6, "convenience_id": 11, "created_at": "2022-07-30T18:59:09.556Z", "updated_at": "2022-07-30T18:59:09.556Z"}}, {"model": "createapp.convenienceroom", "pk": 88, "fields": {"room_id": 6, "convenience_id": 5, "created_at": "2022-07-30T18:59:09.556Z", "updated_at": "2022-07-30T18:59:09.556Z"}}, {"model": "createapp.convenienceroom", "pk": 89, "fields": {"room_id": 6, "convenience_id": 3, "created_at": "2022-07-30T18:59:09.556Z", "updated_at": "2022-07-30T18:59:09.556Z"}}, {"model": "createapp.convenienceroom", "pk": 90, "fields": {"room_id": 6, "convenience_id": 8, "created_at": "2022-07-30T18:59:09.556Z", "updated_at": "2022-07-30T18:59:09.556Z"}}, {"model": "createapp.convenienceroom", "pk": 91, "fields": {"room_id": 6, "convenience_id": 19, "created_at": "2022-07-30T18:59:09.557Z", "updated_at": "2022-07-30T18:59:09.557Z"}}, {"model": "createapp.convenienceroom", "pk": 92, "fields": {"room_id": 6, "convenience_id": 12, "created_at": "2022-07-30T18:59:09.557Z", "updated_at": "2022-07-30T18:59:09.557Z"}}, {"model": "createapp.convenienceroom", "pk": 93, "fields": {"room_id": 6, "convenience_id": 7, "created_at": "2022-07-30T18:59:09.557Z", "updated_at": "2022-07-30T18:59:09.557Z"}}, {"model": "createapp.convenienceroom", "pk": 94, "fields": {"room_id": 6, "convenience_id": 13, "created_at": "2022-07-30T18:59:09.557Z", "updated_at": "2022-07-30T18:59:09.557Z"}}, {"model": "createapp.convenienceroom", "pk": 95, "fields": {"room_id": 6, "convenience_id": 17, "created_at": "2022-07-30T18:59:09.557Z", "updated_at": "2022-07-30T18:59:09.557Z"}}, {"model": "createapp.convenienceroom", "pk": 96, "fields": {"room_id": 6, "convenience_id": 1, "created_at": "2022-07-30T18:59:09.557Z", "updated_at": "2022-07-30T18:59:09.557Z"}}, {"model": "createapp.convenienceroom", "pk": 97, "fields": {"room_id": 6, "convenience_id": 15, "created_at": "2022-07-30T18:59:09.557Z", "updated_at": "2022-07-30T18:59:09.557Z"}}, {"model": "createapp.convenienceroom", "pk": 98, "fields": {"room_id": 6, "convenience_id": 21, "created_at": "2022-07-30T18:59:09.557Z", "updated_at": "2022-07-30T18:59:09.557Z"}}, {"model": "createapp.convenienceroom", "pk": 99, "fields": {"room_id": 6, "convenience_id": 10, "created_at": "2022-07-30T18:59:09.557Z", "updated_at": "2022-07-30T18:59:09.557Z"}}, {"model": "createapp.convenienceroom", "pk": 100, "fields": {"room_id": 6, "convenience_id": 18, "created_at": "2022-07-30T18:59:09.557Z", "updated_at": "2022-07-30T18:59:09.557Z"}}, {"model": "createapp.convenienceroom", "pk": 101, "fields": {"room_id": 6, "convenience_id": 4, "created_at": "2022-07-30T18:59:09.557Z", "updated_at": "2022-07-30T18:59:09.557Z"}}, {"model": "createapp.convenienceroom", "pk": 102, "fields": {"room_id": 6, "convenience_id": 6, "created_at": "2022-07-30T18:59:09.557Z", "updated_at": "2022-07-30T18:59:09.557Z"}}, {"model": "createapp.convenienceroom", "pk": 103, "fields": {"room_id": 6, "convenience_id": 2, "created_at": "2022-07-30T18:59:09.557Z", "updated_at": "2022-07-30T18:59:09.557Z"}}, {"model": "createapp.convenienceroom", "pk": 104, "fields": {"room_id": 7, "convenience_id": 20, "created_at": "2022-07-30T19:00:50.608Z", "updated_at": "2022-07-30T19:00:50.608Z"}}, {"model": "createapp.convenienceroom", "pk": 105, "fields": {"room_id": 7, "convenience_id": 11, "created_at": "2022-07-30T19:00:50.608Z", "updated_at": "2022-07-30T19:00:50.609Z"}}, {"model": "createapp.convenienceroom", "pk": 106, "fields": {"room_id": 7, "convenience_id": 5, "created_at": "2022-07-30T19:00:50.609Z", "updated_at": "2022-07-30T19:00:50.609Z"}}, {"model": "createapp.convenienceroom", "pk": 107, "fields": {"room_id": 7, "convenience_id": 3, "created_at": "2022-07-30T19:00:50.609Z", "updated_at": "2022-07-30T19:00:50.609Z"}}, {"model": "createapp.convenienceroom", "pk": 108, "fields": {"room_id": 7, "convenience_id": 14, "created_at": "2022-07-30T19:00:50.609Z", "updated_at": "2022-07-30T19:00:50.609Z"}}, {"model": "createapp.convenienceroom", "pk": 109, "fields": {"room_id": 7, "convenience_id": 19, "created_at": "2022-07-30T19:00:50.609Z", "updated_at": "2022-07-30T19:00:50.609Z"}}, {"model": "createapp.convenienceroom", "pk": 110, "fields": {"room_id": 7, "convenience_id": 12, "created_at": "2022-07-30T19:00:50.609Z", "updated_at": "2022-07-30T19:00:50.610Z"}}, {"model": "createapp.convenienceroom", "pk": 111, "fields": {"room_id": 7, "convenience_id": 7, "created_at": "2022-07-30T19:00:50.610Z", "updated_at": "2022-07-30T19:00:50.610Z"}}, {"model": "createapp.convenienceroom", "pk": 112, "fields": {"room_id": 7, "convenience_id": 13, "created_at": "2022-07-30T19:00:50.610Z", "updated_at": "2022-07-30T19:00:50.610Z"}}, {"model": "createapp.convenienceroom", "pk": 113, "fields": {"room_id": 7, "convenience_id": 17, "created_at": "2022-07-30T19:00:50.610Z", "updated_at": "2022-07-30T19:00:50.610Z"}}, {"model": "createapp.convenienceroom", "pk": 114, "fields": {"room_id": 7, "convenience_id": 1, "created_at": "2022-07-30T19:00:50.610Z", "updated_at": "2022-07-30T19:00:50.610Z"}}, {"model": "createapp.convenienceroom", "pk": 115, "fields": {"room_id": 7, "convenience_id": 15, "created_at": "2022-07-30T19:00:50.610Z", "updated_at": "2022-07-30T19:00:50.610Z"}}, {"model": "createapp.convenienceroom", "pk": 116, "fields": {"room_id": 7, "convenience_id": 10, "created_at": "2022-07-30T19:00:50.610Z", "updated_at": "2022-07-30T19:00:50.610Z"}}, {"model": "createapp.convenienceroom", "pk": 117, "fields": {"room_id": 7, "convenience_id": 18, "created_at": "2022-07-30T19:00:50.611Z", "updated_at": "2022-07-30T19:00:50.611Z"}}, {"model": "createapp.convenienceroom", "pk": 118, "fields": {"room_id": 7, "convenience_id": 4, "created_at": "2022-07-30T19:00:50.611Z", "updated_at": "2022-07-30T19:00:50.611Z"}}, {"model": "createapp.convenienceroom", "pk": 119, "fields": {"room_id": 7, "convenience_id": 6, "created_at": "2022-07-30T19:00:50.611Z", "updated_at": "2022-07-30T19:00:50.611Z"}}, {"model": "createapp.convenienceroom", "pk": 120, "fields": {"room_id": 7, "convenience_id": 16, "created_at": "2022-07-30T19:00:50.611Z", "updated_at": "2022-07-30T19:00:50.611Z"}}, {"model": "createapp.convenienceroom", "pk": 121, "fields": {"room_id": 7, "convenience_id": 2, "created_at": "2022-07-30T19:00:50.611Z", "updated_at": "2022-07-30T19:00:50.611Z"}}, {"model": "createapp.convenienceroom", "pk": 122, "fields": {"room_id": 7, "convenience_id": 9, "created_at": "2022-07-30T19:00:50.611Z", "updated_at": "2022-07-30T19:00:50.611Z"}}, {"model": "createapp.convenienceroom", "pk": 123, "fields": {"room_id": 8, "convenience_id": 1, "created_at": "2022-07-30T19:05:17.404Z", "updated_at": "2022-07-30T19:05:17.405Z"}}, {"model": "createapp.convenienceroom", "pk": 124, "fields": {"room_id": 8, "convenience_id": 21, "created_at": "2022-07-30T19:05:17.405Z", "updated_at": "2022-07-30T19:05:17.405Z"}}, {"model": "createapp.convenienceroom", "pk": 125, "fields": {"room_id": 8, "convenience_id": 3, "created_at": "2022-07-30T19:05:17.405Z", "updated_at": "2022-07-30T19:05:17.405Z"}}, {"model": "createapp.convenienceroom", "pk": 126, "fields": {"room_id": 8, "convenience_id": 10, "created_at": "2022-07-30T19:05:17.405Z", "updated_at": "2022-07-30T19:05:17.405Z"}}, {"model": "createapp.convenienceroom", "pk": 127, "fields": {"room_id": 8, "convenience_id": 4, "created_at": "2022-07-30T19:05:17.405Z", "updated_at": "2022-07-30T19:05:17.405Z"}}, {"model": "createapp.convenienceroom", "pk": 128, "fields": {"room_id": 8, "convenience_id": 6, "created_at": "2022-07-30T19:05:17.405Z", "updated_at": "2022-07-30T19:05:17.405Z"}}, {"model": "createapp.convenienceroom", "pk": 129, "fields": {"room_id": 8, "convenience_id": 16, "created_at": "2022-07-30T19:05:17.405Z", "updated_at": "2022-07-30T19:05:17.405Z"}}, {"model": "createapp.convenienceroom", "pk": 130, "fields": {"room_id": 8, "convenience_id": 2, "created_at": "2022-07-30T19:05:17.405Z", "updated_at": "2022-07-30T19:05:17.405Z"}}, {"model": "createapp.convenienceroom", "pk": 131, "fields": {"room_id": 8, "convenience_id": 19, "created_at": "2022-07-30T19:05:17.405Z", "updated_at": "2022-07-30T19:05:17.406Z"}}, {"model": "createapp.convenienceroom", "pk": 132, "fields": {"room_id": 8, "convenience_id": 12, "created_at": "2022-07-30T19:05:17.406Z", "updated_at": "2022-07-30T19:05:17.406Z"}}, {"model": "createapp.convenienceroom", "pk": 133, "fields": {"room_id": 8, "convenience_id": 7, "created_at": "2022-07-30T19:05:17.407Z", "updated_at": "2022-07-30T19:05:17.407Z"}}, {"model": "createapp.convenienceroom", "pk": 134, "fields": {"room_id": 8, "convenience_id": 11, "created_at": "2022-07-30T19:05:17.407Z", "updated_at": "2022-07-30T19:05:17.407Z"}}, {"model": "createapp.convenienceroom", "pk": 135, "fields": {"room_id": 8, "convenience_id": 13, "created_at": "2022-07-30T19:05:17.407Z", "updated_at": "2022-07-30T19:05:17.407Z"}}, {"model": "createapp.convenienceroom", "pk": 136, "fields": {"room_id": 9, "convenience_id": 6, "created_at": "2022-07-31T17:21:41.266Z", "updated_at": "2022-07-31T17:21:41.266Z"}}, {"model": "createapp.convenienceroom", "pk": 137, "fields": {"room_id": 9, "convenience_id": 10, "created_at": "2022-07-31T17:21:41.266Z", "updated_at": "2022-07-31T17:21:41.266Z"}}, {"model": "createapp.convenienceroom", "pk": 138, "fields": {"room_id": 9, "convenience_id": 13, "created_at": "2022-07-31T17:21:41.266Z", "updated_at": "2022-07-31T17:21:41.267Z"}}, {"model": "createapp.convenienceroom", "pk": 139, "fields": {"room_id": 9, "convenience_id": 3, "created_at": "2022-07-31T17:21:41.267Z", "updated_at": "2022-07-31T17:21:41.267Z"}}, {"model": "createapp.convenienceroom", "pk": 140, "fields": {"room_id": 9, "convenience_id": 2, "created_at": "2022-07-31T17:21:41.267Z", "updated_at": "2022-07-31T17:21:41.267Z"}}, {"model": "createapp.convenienceroom", "pk": 141, "fields": {"room_id": 9, "convenience_id": 9, "created_at": "2022-07-31T17:21:41.267Z", "updated_at": "2022-07-31T17:21:41.267Z"}}, {"model": "createapp.convenienceroom", "pk": 142, "fields": {"room_id": 9, "convenience_id": 1, "created_at": "2022-07-31T17:21:41.267Z", "updated_at": "2022-07-31T17:21:41.267Z"}}, {"model": "createapp.convenienceroom", "pk": 143, "fields": {"room_id": 9, "convenience_id": 4, "created_at": "2022-07-31T17:21:41.267Z", "updated_at": "2022-07-31T17:21:41.267Z"}}, {"model": "createapp.convenienceroom", "pk": 144, "fields": {"room_id": 10, "convenience_id": 1, "created_at": "2022-07-31T17:40:29.608Z", "updated_at": "2022-07-31T17:40:29.608Z"}}, {"model": "createapp.convenienceroom", "pk": 145, "fields": {"room_id": 10, "convenience_id": 23, "created_at": "2022-07-31T17:40:29.608Z", "updated_at": "2022-07-31T17:40:29.608Z"}}, {"model": "createapp.convenienceroom", "pk": 146, "fields": {"room_id": 10, "convenience_id": 15, "created_at": "2022-07-31T17:40:29.608Z", "updated_at": "2022-07-31T17:40:29.608Z"}}, {"model": "createapp.convenienceroom", "pk": 147, "fields": {"room_id": 10, "convenience_id": 18, "created_at": "2022-07-31T17:40:29.608Z", "updated_at": "2022-07-31T17:40:29.608Z"}}, {"model": "createapp.convenienceroom", "pk": 148, "fields": {"room_id": 10, "convenience_id": 22, "created_at": "2022-07-31T17:40:29.609Z", "updated_at": "2022-07-31T17:40:29.609Z"}}, {"model": "createapp.convenienceroom", "pk": 149, "fields": {"room_id": 10, "convenience_id": 12, "created_at": "2022-07-31T17:40:29.609Z", "updated_at": "2022-07-31T17:40:29.609Z"}}, {"model": "createapp.convenienceroom", "pk": 150, "fields": {"room_id": 10, "convenience_id": 21, "created_at": "2022-07-31T17:40:29.609Z", "updated_at": "2022-07-31T17:40:29.609Z"}}]