[
  {
    "model": "auth.permission",
    "pk": 1,
    "fields": {
      "name": "Can add log entry",
      "content_type": 1,
      "codename": "add_logentry"
    }
  },
  {
    "model": "auth.permission",
    "pk": 2,
    "fields": {
      "name": "Can change log entry",
      "content_type": 1,
      "codename": "change_logentry"
    }
  },
  {
    "model": "auth.permission",
    "pk": 3,
    "fields": {
      "name": "Can delete log entry",
      "content_type": 1,
      "codename": "delete_logentry"
    }
  },
  {
    "model": "auth.permission",
    "pk": 4,
    "fields": {
      "name": "Can view log entry",
      "content_type": 1,
      "codename": "view_logentry"
    }
  },
  {
    "model": "auth.permission",
    "pk": 5,
    "fields": {
      "name": "Can add permission",
      "content_type": 2,
      "codename": "add_permission"
    }
  },
  {
    "model": "auth.permission",
    "pk": 6,
    "fields": {
      "name": "Can change permission",
      "content_type": 2,
      "codename": "change_permission"
    }
  },
  {
    "model": "auth.permission",
    "pk": 7,
    "fields": {
      "name": "Can delete permission",
      "content_type": 2,
      "codename": "delete_permission"
    }
  },
  {
    "model": "auth.permission",
    "pk": 8,
    "fields": {
      "name": "Can view permission",
      "content_type": 2,
      "codename": "view_permission"
    }
  },
  {
    "model": "auth.permission",
    "pk": 9,
    "fields": {
      "name": "Can add group",
      "content_type": 3,
      "codename": "add_group"
    }
  },
  {
    "model": "auth.permission",
    "pk": 10,
    "fields": {
      "name": "Can change group",
      "content_type": 3,
      "codename": "change_group"
    }
  },
  {
    "model": "auth.permission",
    "pk": 11,
    "fields": {
      "name": "Can delete group",
      "content_type": 3,
      "codename": "delete_group"
    }
  },
  {
    "model": "auth.permission",
    "pk": 12,
    "fields": {
      "name": "Can view group",
      "content_type": 3,
      "codename": "view_group"
    }
  },
  {
    "model": "auth.permission",
    "pk": 13,
    "fields": {
      "name": "Can add content type",
      "content_type": 4,
      "codename": "add_contenttype"
    }
  },
  {
    "model": "auth.permission",
    "pk": 14,
    "fields": {
      "name": "Can change content type",
      "content_type": 4,
      "codename": "change_contenttype"
    }
  },
  {
    "model": "auth.permission",
    "pk": 15,
    "fields": {
      "name": "Can delete content type",
      "content_type": 4,
      "codename": "delete_contenttype"
    }
  },
  {
    "model": "auth.permission",
    "pk": 16,
    "fields": {
      "name": "Can view content type",
      "content_type": 4,
      "codename": "view_contenttype"
    }
  },
  {
    "model": "auth.permission",
    "pk": 17,
    "fields": {
      "name": "Can add session",
      "content_type": 5,
      "codename": "add_session"
    }
  },
  {
    "model": "auth.permission",
    "pk": 18,
    "fields": {
      "name": "Can change session",
      "content_type": 5,
      "codename": "change_session"
    }
  },
  {
    "model": "auth.permission",
    "pk": 19,
    "fields": {
      "name": "Can delete session",
      "content_type": 5,
      "codename": "delete_session"
    }
  },
  {
    "model": "auth.permission",
    "pk": 20,
    "fields": {
      "name": "Can view session",
      "content_type": 5,
      "codename": "view_session"
    }
  },
  {
    "model": "auth.permission",
    "pk": 21,
    "fields": {
      "name": "Can add Пользователь",
      "content_type": 6,
      "codename": "add_usermodel"
    }
  },
  {
    "model": "auth.permission",
    "pk": 22,
    "fields": {
      "name": "Can change Пользователь",
      "content_type": 6,
      "codename": "change_usermodel"
    }
  },
  {
    "model": "auth.permission",
    "pk": 23,
    "fields": {
      "name": "Can delete Пользователь",
      "content_type": 6,
      "codename": "delete_usermodel"
    }
  },
  {
    "model": "auth.permission",
    "pk": 24,
    "fields": {
      "name": "Can view Пользователь",
      "content_type": 6,
      "codename": "view_usermodel"
    }
  },
  {
    "model": "auth.permission",
    "pk": 25,
    "fields": {
      "name": "Can add rating names",
      "content_type": 7,
      "codename": "add_ratingnames"
    }
  },
  {
    "model": "auth.permission",
    "pk": 26,
    "fields": {
      "name": "Can change rating names",
      "content_type": 7,
      "codename": "change_ratingnames"
    }
  },
  {
    "model": "auth.permission",
    "pk": 27,
    "fields": {
      "name": "Can delete rating names",
      "content_type": 7,
      "codename": "delete_ratingnames"
    }
  },
  {
    "model": "auth.permission",
    "pk": 28,
    "fields": {
      "name": "Can view rating names",
      "content_type": 7,
      "codename": "view_ratingnames"
    }
  },
  {
    "model": "auth.permission",
    "pk": 29,
    "fields": {
      "name": "Can add offers ratings",
      "content_type": 8,
      "codename": "add_offersratings"
    }
  },
  {
    "model": "auth.permission",
    "pk": 30,
    "fields": {
      "name": "Can change offers ratings",
      "content_type": 8,
      "codename": "change_offersratings"
    }
  },
  {
    "model": "auth.permission",
    "pk": 31,
    "fields": {
      "name": "Can delete offers ratings",
      "content_type": 8,
      "codename": "delete_offersratings"
    }
  },
  {
    "model": "auth.permission",
    "pk": 32,
    "fields": {
      "name": "Can view offers ratings",
      "content_type": 8,
      "codename": "view_offersratings"
    }
  },
  {
    "model": "auth.permission",
    "pk": 33,
    "fields": {
      "name": "Can add rating",
      "content_type": 9,
      "codename": "add_rating"
    }
  },
  {
    "model": "auth.permission",
    "pk": 34,
    "fields": {
      "name": "Can change rating",
      "content_type": 9,
      "codename": "change_rating"
    }
  },
  {
    "model": "auth.permission",
    "pk": 35,
    "fields": {
      "name": "Can delete rating",
      "content_type": 9,
      "codename": "delete_rating"
    }
  },
  {
    "model": "auth.permission",
    "pk": 36,
    "fields": {
      "name": "Can view rating",
      "content_type": 9,
      "codename": "view_rating"
    }
  },
  {
    "model": "auth.permission",
    "pk": 37,
    "fields": {
      "name": "Can add favorites",
      "content_type": 10,
      "codename": "add_favorites"
    }
  },
  {
    "model": "auth.permission",
    "pk": 38,
    "fields": {
      "name": "Can change favorites",
      "content_type": 10,
      "codename": "change_favorites"
    }
  },
  {
    "model": "auth.permission",
    "pk": 39,
    "fields": {
      "name": "Can delete favorites",
      "content_type": 10,
      "codename": "delete_favorites"
    }
  },
  {
    "model": "auth.permission",
    "pk": 40,
    "fields": {
      "name": "Can view favorites",
      "content_type": 10,
      "codename": "view_favorites"
    }
  },
  {
    "model": "auth.permission",
    "pk": 41,
    "fields": {
      "name": "Can add evaluations",
      "content_type": 11,
      "codename": "add_evaluations"
    }
  },
  {
    "model": "auth.permission",
    "pk": 42,
    "fields": {
      "name": "Can change evaluations",
      "content_type": 11,
      "codename": "change_evaluations"
    }
  },
  {
    "model": "auth.permission",
    "pk": 43,
    "fields": {
      "name": "Can delete evaluations",
      "content_type": 11,
      "codename": "delete_evaluations"
    }
  },
  {
    "model": "auth.permission",
    "pk": 44,
    "fields": {
      "name": "Can view evaluations",
      "content_type": 11,
      "codename": "view_evaluations"
    }
  },
  {
    "model": "auth.permission",
    "pk": 45,
    "fields": {
      "name": "Can add current rentals",
      "content_type": 12,
      "codename": "add_currentrentals"
    }
  },
  {
    "model": "auth.permission",
    "pk": 46,
    "fields": {
      "name": "Can change current rentals",
      "content_type": 12,
      "codename": "change_currentrentals"
    }
  },
  {
    "model": "auth.permission",
    "pk": 47,
    "fields": {
      "name": "Can delete current rentals",
      "content_type": 12,
      "codename": "delete_currentrentals"
    }
  },
  {
    "model": "auth.permission",
    "pk": 48,
    "fields": {
      "name": "Can view current rentals",
      "content_type": 12,
      "codename": "view_currentrentals"
    }
  },
  {
    "model": "auth.permission",
    "pk": 49,
    "fields": {
      "name": "Can add completed rentals",
      "content_type": 13,
      "codename": "add_completedrentals"
    }
  },
  {
    "model": "auth.permission",
    "pk": 50,
    "fields": {
      "name": "Can change completed rentals",
      "content_type": 13,
      "codename": "change_completedrentals"
    }
  },
  {
    "model": "auth.permission",
    "pk": 51,
    "fields": {
      "name": "Can delete completed rentals",
      "content_type": 13,
      "codename": "delete_completedrentals"
    }
  },
  {
    "model": "auth.permission",
    "pk": 52,
    "fields": {
      "name": "Can view completed rentals",
      "content_type": 13,
      "codename": "view_completedrentals"
    }
  },
  {
    "model": "auth.permission",
    "pk": 53,
    "fields": {
      "name": "Can add Контакты",
      "content_type": 14,
      "codename": "add_contact"
    }
  },
  {
    "model": "auth.permission",
    "pk": 54,
    "fields": {
      "name": "Can change Контакты",
      "content_type": 14,
      "codename": "change_contact"
    }
  },
  {
    "model": "auth.permission",
    "pk": 55,
    "fields": {
      "name": "Can delete Контакты",
      "content_type": 14,
      "codename": "delete_contact"
    }
  },
  {
    "model": "auth.permission",
    "pk": 56,
    "fields": {
      "name": "Can view Контакты",
      "content_type": 14,
      "codename": "view_contact"
    }
  },
  {
    "model": "auth.permission",
    "pk": 57,
    "fields": {
      "name": "Can add Сообщение от пользователя",
      "content_type": 15,
      "codename": "add_message"
    }
  },
  {
    "model": "auth.permission",
    "pk": 58,
    "fields": {
      "name": "Can change Сообщение от пользователя",
      "content_type": 15,
      "codename": "change_message"
    }
  },
  {
    "model": "auth.permission",
    "pk": 59,
    "fields": {
      "name": "Can delete Сообщение от пользователя",
      "content_type": 15,
      "codename": "delete_message"
    }
  },
  {
    "model": "auth.permission",
    "pk": 60,
    "fields": {
      "name": "Can view Сообщение от пользователя",
      "content_type": 15,
      "codename": "view_message"
    }
  },
  {
    "model": "auth.permission",
    "pk": 61,
    "fields": {
      "name": "Can add Категория F.A.Q.",
      "content_type": 16,
      "codename": "add_questioncategory"
    }
  },
  {
    "model": "auth.permission",
    "pk": 62,
    "fields": {
      "name": "Can change Категория F.A.Q.",
      "content_type": 16,
      "codename": "change_questioncategory"
    }
  },
  {
    "model": "auth.permission",
    "pk": 63,
    "fields": {
      "name": "Can delete Категория F.A.Q.",
      "content_type": 16,
      "codename": "delete_questioncategory"
    }
  },
  {
    "model": "auth.permission",
    "pk": 64,
    "fields": {
      "name": "Can view Категория F.A.Q.",
      "content_type": 16,
      "codename": "view_questioncategory"
    }
  },
  {
    "model": "auth.permission",
    "pk": 65,
    "fields": {
      "name": "Can add Вопрос - F.A.Q.",
      "content_type": 17,
      "codename": "add_question"
    }
  },
  {
    "model": "auth.permission",
    "pk": 66,
    "fields": {
      "name": "Can change Вопрос - F.A.Q.",
      "content_type": 17,
      "codename": "change_question"
    }
  },
  {
    "model": "auth.permission",
    "pk": 67,
    "fields": {
      "name": "Can delete Вопрос - F.A.Q.",
      "content_type": 17,
      "codename": "delete_question"
    }
  },
  {
    "model": "auth.permission",
    "pk": 68,
    "fields": {
      "name": "Can view Вопрос - F.A.Q.",
      "content_type": 17,
      "codename": "view_question"
    }
  },
  {
    "model": "auth.permission",
    "pk": 69,
    "fields": {
      "name": "Can add Заявка на получение прав арендодателя",
      "content_type": 18,
      "codename": "add_claim"
    }
  },
  {
    "model": "auth.permission",
    "pk": 70,
    "fields": {
      "name": "Can change Заявка на получение прав арендодателя",
      "content_type": 18,
      "codename": "change_claim"
    }
  },
  {
    "model": "auth.permission",
    "pk": 71,
    "fields": {
      "name": "Can delete Заявка на получение прав арендодателя",
      "content_type": 18,
      "codename": "delete_claim"
    }
  },
  {
    "model": "auth.permission",
    "pk": 72,
    "fields": {
      "name": "Can view Заявка на получение прав арендодателя",
      "content_type": 18,
      "codename": "view_claim"
    }
  },
  {
    "model": "auth.permission",
    "pk": 73,
    "fields": {
      "name": "Can add address",
      "content_type": 19,
      "codename": "add_address"
    }
  },
  {
    "model": "auth.permission",
    "pk": 74,
    "fields": {
      "name": "Can change address",
      "content_type": 19,
      "codename": "change_address"
    }
  },
  {
    "model": "auth.permission",
    "pk": 75,
    "fields": {
      "name": "Can delete address",
      "content_type": 19,
      "codename": "delete_address"
    }
  },
  {
    "model": "auth.permission",
    "pk": 76,
    "fields": {
      "name": "Can view address",
      "content_type": 19,
      "codename": "view_address"
    }
  },
  {
    "model": "auth.permission",
    "pk": 77,
    "fields": {
      "name": "Can add convenience type",
      "content_type": 20,
      "codename": "add_conveniencetype"
    }
  },
  {
    "model": "auth.permission",
    "pk": 78,
    "fields": {
      "name": "Can change convenience type",
      "content_type": 20,
      "codename": "change_conveniencetype"
    }
  },
  {
    "model": "auth.permission",
    "pk": 79,
    "fields": {
      "name": "Can delete convenience type",
      "content_type": 20,
      "codename": "delete_conveniencetype"
    }
  },
  {
    "model": "auth.permission",
    "pk": 80,
    "fields": {
      "name": "Can view convenience type",
      "content_type": 20,
      "codename": "view_conveniencetype"
    }
  },
  {
    "model": "auth.permission",
    "pk": 81,
    "fields": {
      "name": "Can add room category",
      "content_type": 21,
      "codename": "add_roomcategory"
    }
  },
  {
    "model": "auth.permission",
    "pk": 82,
    "fields": {
      "name": "Can change room category",
      "content_type": 21,
      "codename": "change_roomcategory"
    }
  },
  {
    "model": "auth.permission",
    "pk": 83,
    "fields": {
      "name": "Can delete room category",
      "content_type": 21,
      "codename": "delete_roomcategory"
    }
  },
  {
    "model": "auth.permission",
    "pk": 84,
    "fields": {
      "name": "Can view room category",
      "content_type": 21,
      "codename": "view_roomcategory"
    }
  },
  {
    "model": "auth.permission",
    "pk": 85,
    "fields": {
      "name": "Can add room",
      "content_type": 22,
      "codename": "add_room"
    }
  },
  {
    "model": "auth.permission",
    "pk": 86,
    "fields": {
      "name": "Can change room",
      "content_type": 22,
      "codename": "change_room"
    }
  },
  {
    "model": "auth.permission",
    "pk": 87,
    "fields": {
      "name": "Can delete room",
      "content_type": 22,
      "codename": "delete_room"
    }
  },
  {
    "model": "auth.permission",
    "pk": 88,
    "fields": {
      "name": "Can view room",
      "content_type": 22,
      "codename": "view_room"
    }
  },
  {
    "model": "auth.permission",
    "pk": 89,
    "fields": {
      "name": "Can add offer images",
      "content_type": 23,
      "codename": "add_offerimages"
    }
  },
  {
    "model": "auth.permission",
    "pk": 90,
    "fields": {
      "name": "Can change offer images",
      "content_type": 23,
      "codename": "change_offerimages"
    }
  },
  {
    "model": "auth.permission",
    "pk": 91,
    "fields": {
      "name": "Can delete offer images",
      "content_type": 23,
      "codename": "delete_offerimages"
    }
  },
  {
    "model": "auth.permission",
    "pk": 92,
    "fields": {
      "name": "Can view offer images",
      "content_type": 23,
      "codename": "view_offerimages"
    }
  },
  {
    "model": "auth.permission",
    "pk": 93,
    "fields": {
      "name": "Can add convenience room",
      "content_type": 24,
      "codename": "add_convenienceroom"
    }
  },
  {
    "model": "auth.permission",
    "pk": 94,
    "fields": {
      "name": "Can change convenience room",
      "content_type": 24,
      "codename": "change_convenienceroom"
    }
  },
  {
    "model": "auth.permission",
    "pk": 95,
    "fields": {
      "name": "Can delete convenience room",
      "content_type": 24,
      "codename": "delete_convenienceroom"
    }
  },
  {
    "model": "auth.permission",
    "pk": 96,
    "fields": {
      "name": "Can view convenience room",
      "content_type": 24,
      "codename": "view_convenienceroom"
    }
  },
  {
    "model": "auth.permission",
    "pk": 97,
    "fields": {
      "name": "Can add convenience",
      "content_type": 25,
      "codename": "add_convenience"
    }
  },
  {
    "model": "auth.permission",
    "pk": 98,
    "fields": {
      "name": "Can change convenience",
      "content_type": 25,
      "codename": "change_convenience"
    }
  },
  {
    "model": "auth.permission",
    "pk": 99,
    "fields": {
      "name": "Can delete convenience",
      "content_type": 25,
      "codename": "delete_convenience"
    }
  },
  {
    "model": "auth.permission",
    "pk": 100,
    "fields": {
      "name": "Can view convenience",
      "content_type": 25,
      "codename": "view_convenience"
    }
  },
  {
    "model": "sessions.session",
    "pk": "1osdpnr81ip737hx08z5om7x0ob93aef",
    "fields": {
      "session_data": ".eJxVjDsOwjAQBe_iGll44y8lfc5g7dpeHECOFCcV4u4QKQW0b2beS0Tc1hq3XpY4ZXERSpx-N8L0KG0H-Y7tNss0t3WZSO6KPGiX45zL83q4fwcVe_3W2oacIZBipymxt3AeGKwHJHDBWQ0KGD0P3tngUsjJABRMSls2xZB4fwDQ2zeM:1oH7JM:IAPtRP5Y9obDcpgmM36EW4D5ot8WF4j1YCMTvKb721w",
      "expire_date": "2022-08-11T17:28:36.153Z"
    }
  },
  {
    "model": "userapp.usermodel",
    "pk": 1,
    "fields": {
      "password": "pbkdf2_sha256$320000$whfQHyv9z3Ag0gWSOkFPoA$shjUtE3PbpL84KcuYWoWjDAPFasvka+mLe5oVgPJQMU=",
      "last_login": "2022-07-28T17:28:36.053Z",
      "is_superuser": true,
      "username": "admin",
      "first_name": "",
      "last_name": "",
      "email": "",
      "is_staff": true,
      "is_active": true,
      "date_joined": "2022-07-28T16:12:22.593Z",
      "avatar": "",
      "city": "",
      "about": "",
      "user_phone": "",
      "is_landlord": false,
      "created_at": "2022-07-28T16:12:23.729Z",
      "updated_at": "2022-07-28T16:12:23.730Z",
      "groups": [],
      "user_permissions": []
    }
  },
  {
    "model": "userapp.usermodel",
    "pk": 2,
    "fields": {
      "password": "pbkdf2_sha256$320000$eLsRq1rJU93WyXtDG8fosp$wRDNJLFJjn+iA7bpozpwfFh2ETsMpykjz52TXA/Bxaw=",
      "last_login": "2022-07-28T17:19:02.172Z",
      "is_superuser": false,
      "username": "NataliZ",
      "first_name": "Natali",
      "last_name": "Zhivlova",
      "email": "NataZhivlova2@yandex.ru",
      "is_staff": false,
      "is_active": true,
      "date_joined": "2022-07-28T16:15:48.394Z",
      "avatar": "",
      "city": "Moscow",
      "about": "-",
      "user_phone": "89197772682",
      "is_landlord": true,
      "created_at": "2022-07-28T16:15:49.882Z",
      "updated_at": "2022-07-28T16:15:49.882Z",
      "groups": [],
      "user_permissions": []
    }
  },
  {
    "model": "detailsapp.ratingnames",
    "pk": 1,
    "fields": {
      "name": "Качество помещения",
      "created_at": "2022-07-28T16:11:48.606Z",
      "updated_at": "2022-07-28T16:11:48.607Z"
    }
  },
  {
    "model": "detailsapp.ratingnames",
    "pk": 2,
    "fields": {
      "name": "Рабочая обстановка",
      "created_at": "2022-07-28T16:11:48.610Z",
      "updated_at": "2022-07-28T16:11:48.610Z"
    }
  },
  {
    "model": "detailsapp.ratingnames",
    "pk": 3,
    "fields": {
      "name": "Качество удобств",
      "created_at": "2022-07-28T16:11:48.612Z",
      "updated_at": "2022-07-28T16:11:48.612Z"
    }
  },
  {
    "model": "detailsapp.ratingnames",
    "pk": 4,
    "fields": {
      "name": "Соответствие цена-качество",
      "created_at": "2022-07-28T16:11:48.614Z",
      "updated_at": "2022-07-28T16:11:48.614Z"
    }
  },
  {
    "model": "detailsapp.ratingnames",
    "pk": 5,
    "fields": {
      "name": "Соответствие фото",
      "created_at": "2022-07-28T16:11:48.616Z",
      "updated_at": "2022-07-28T16:11:48.616Z"
    }
  },
  {
    "model": "createapp.address",
    "pk": 1,
    "fields": {
      "city": "Москва",
      "street": "Ленинградский проспект",
      "building": "36с11",
      "latitude": "55.788353",
      "longitude": "37.567931",
      "created_at": "2022-07-28T16:22:07.116Z",
      "updated_at": "2022-07-28T16:22:07.116Z"
    }
  },
  {
    "model": "createapp.address",
    "pk": 2,
    "fields": {
      "city": "Москва",
      "street": "проспект Мира",
      "building": "3с3",
      "latitude": "55.773449",
      "longitude": "37.631640",
      "created_at": "2022-07-28T16:27:59.205Z",
      "updated_at": "2022-07-28T16:27:59.205Z"
    }
  },
  {
    "model": "createapp.address",
    "pk": 3,
    "fields": {
      "city": "Москва",
      "street": "Пресненская набережная",
      "building": "12",
      "latitude": "55.749633",
      "longitude": "37.537434",
      "created_at": "2022-07-28T16:31:09.038Z",
      "updated_at": "2022-07-28T16:31:09.038Z"
    }
  },
  {
    "model": "createapp.address",
    "pk": 4,
    "fields": {
      "city": "Москва",
      "street": "Пресненская набережная",
      "building": "12",
      "latitude": "55.749633",
      "longitude": "37.537434",
      "created_at": "2022-07-28T16:36:15.499Z",
      "updated_at": "2022-07-28T16:36:15.500Z"
    }
  },
  {
    "model": "createapp.address",
    "pk": 5,
    "fields": {
      "city": "Москва",
      "street": "проспект Мира",
      "building": "3с3",
      "latitude": "55.773449",
      "longitude": "37.631640",
      "created_at": "2022-07-28T16:40:44.337Z",
      "updated_at": "2022-07-28T16:40:44.337Z"
    }
  },
  {
    "model": "createapp.address",
    "pk": 6,
    "fields": {
      "city": "Москва",
      "street": "4-й Лучевой просек",
      "building": "4",
      "latitude": "55.801369",
      "longitude": "37.672531",
      "created_at": "2022-07-28T16:45:26.614Z",
      "updated_at": "2022-07-28T16:45:26.614Z"
    }
  },
  {
    "model": "createapp.address",
    "pk": 7,
    "fields": {
      "city": "Москва",
      "street": "Театральный проезд",
      "building": "3с4",
      "latitude": "55.759973",
      "longitude": "37.622612",
      "created_at": "2022-07-28T16:48:06.346Z",
      "updated_at": "2022-07-28T16:48:06.346Z"
    }
  },
  {
    "model": "createapp.address",
    "pk": 8,
    "fields": {
      "city": "Москва",
      "street": "улица Космонавта Волкова",
      "building": "6А",
      "latitude": "55.815312",
      "longitude": "37.512631",
      "created_at": "2022-07-28T16:51:16.095Z",
      "updated_at": "2022-07-28T16:51:16.095Z"
    }
  },
  {
    "model": "createapp.address",
    "pk": 9,
    "fields": {
      "city": "Москва",
      "street": "Большая Новодмитровская улица",
      "building": "36с12",
      "latitude": "55.804375",
      "longitude": "37.586059",
      "created_at": "2022-07-28T16:56:29.488Z",
      "updated_at": "2022-07-28T16:56:29.488Z"
    }
  },
  {
    "model": "createapp.address",
    "pk": 10,
    "fields": {
      "city": "Москва",
      "street": "Кожевническая улица",
      "building": "10с1",
      "latitude": "55.729230",
      "longitude": "37.645411",
      "created_at": "2022-07-28T16:59:46.298Z",
      "updated_at": "2022-07-28T16:59:46.298Z"
    }
  },
  {
    "model": "createapp.address",
    "pk": 11,
    "fields": {
      "city": "Санкт-Петербург",
      "street": "Невский проспект",
      "building": "88",
      "latitude": "59.932468",
      "longitude": "30.351810",
      "created_at": "2022-07-28T17:01:58.926Z",
      "updated_at": "2022-07-28T17:01:58.926Z"
    }
  },
  {
    "model": "createapp.address",
    "pk": 12,
    "fields": {
      "city": "Казань",
      "street": "улица Баумана",
      "building": "25",
      "latitude": "55.790408",
      "longitude": "49.115936",
      "created_at": "2022-07-28T17:04:14.117Z",
      "updated_at": "2022-07-28T17:04:14.117Z"
    }
  },
  {
    "model": "createapp.address",
    "pk": 13,
    "fields": {
      "city": "Волгоград",
      "street": "Владимирская улица",
      "building": "68",
      "latitude": "48.684565",
      "longitude": "44.427647",
      "created_at": "2022-07-28T17:06:32.569Z",
      "updated_at": "2022-07-28T17:06:32.569Z"
    }
  },
  {
    "model": "createapp.address",
    "pk": 14,
    "fields": {
      "city": "Москва",
      "street": "Пресненская набережная",
      "building": "6с2",
      "latitude": "55.748422",
      "longitude": "37.540389",
      "created_at": "2022-07-28T17:09:14.736Z",
      "updated_at": "2022-07-28T17:09:14.736Z"
    }
  },
  {
    "model": "createapp.address",
    "pk": 15,
    "fields": {
      "city": "Москва",
      "street": "Пресненская набережная",
      "building": "12",
      "latitude": "55.749633",
      "longitude": "37.537434",
      "created_at": "2022-07-28T17:11:25.287Z",
      "updated_at": "2022-07-28T17:11:25.287Z"
    }
  },
  {
    "model": "createapp.address",
    "pk": 16,
    "fields": {
      "city": "Самара",
      "street": "Ново-Садовая улица",
      "building": "106",
      "latitude": "53.217187",
      "longitude": "50.148981",
      "created_at": "2022-07-28T17:13:40.919Z",
      "updated_at": "2022-07-28T17:13:40.920Z"
    }
  },
  {
    "model": "createapp.address",
    "pk": 17,
    "fields": {
      "city": "Тольятти",
      "street": "улица 40 лет Победы",
      "building": "2",
      "latitude": "53.544417",
      "longitude": "49.369908",
      "created_at": "2022-07-28T17:15:56.884Z",
      "updated_at": "2022-07-28T17:15:56.885Z"
    }
  },
  {
    "model": "createapp.address",
    "pk": 18,
    "fields": {
      "city": "Санкт-Петербург",
      "street": "Невский проспект",
      "building": "22-24",
      "latitude": "59.935944",
      "longitude": "30.324106",
      "created_at": "2022-07-28T17:23:19.532Z",
      "updated_at": "2022-07-28T17:23:19.533Z"
    }
  },
  {
    "model": "createapp.roomcategory",
    "pk": 1,
    "fields": {
      "name": "Open space",
      "created_at": "2022-07-28T16:11:47.250Z",
      "updated_at": "2022-07-28T16:11:47.251Z"
    }
  },
  {
    "model": "createapp.roomcategory",
    "pk": 2,
    "fields": {
      "name": "Office",
      "created_at": "2022-07-28T16:11:47.254Z",
      "updated_at": "2022-07-28T16:11:47.254Z"
    }
  },
  {
    "model": "createapp.roomcategory",
    "pk": 3,
    "fields": {
      "name": "Private office",
      "created_at": "2022-07-28T16:11:47.255Z",
      "updated_at": "2022-07-28T16:11:47.255Z"
    }
  },
  {
    "model": "createapp.roomcategory",
    "pk": 4,
    "fields": {
      "name": "Conference room",
      "created_at": "2022-07-28T16:11:47.257Z",
      "updated_at": "2022-07-28T16:11:47.257Z"
    }
  },
  {
    "model": "createapp.roomcategory",
    "pk": 5,
    "fields": {
      "name": "Video studio",
      "created_at": "2022-07-28T16:11:47.258Z",
      "updated_at": "2022-07-28T16:11:47.258Z"
    }
  },
  {
    "model": "createapp.room",
    "pk": 1,
    "fields": {
      "name": "SOK Рыбаков Тауэр",
      "square": 100.0,
      "description": "Флагманская площадка SOK: просторный коворкинг, множество переговорных, вместительный конференц-зал и видовая терраса.",
      "payment_per_hour": "1260.00",
      "category": 3,
      "seats_number": 1000,
      "minimum_booking_time": 70,
      "start_working_hours": "00:00:00",
      "end_working_hours": "23:00:00",
      "phone_number": "89995555555",
      "address": 1,
      "room_owner": 2,
      "created_at": "2022-07-28T16:22:07.122Z",
      "updated_at": "2022-07-28T16:23:25.006Z",
      "is_active": true
    }
  },
  {
    "model": "createapp.room",
    "pk": 2,
    "fields": {
      "name": "Work`n`Soda Сухаревская",
      "square": 70.0,
      "description": "рабочее пространство в центре Москвы в 50 метрах от метро. 26 офисов на команды от 4 до 40 человек, 65 рабочих мест, 5 переговорных комнат, 3 ивент-площадки",
      "payment_per_hour": "850.00",
      "category": 2,
      "seats_number": 65,
      "minimum_booking_time": 30,
      "start_working_hours": "08:00:00",
      "end_working_hours": "23:00:00",
      "phone_number": "89995555555",
      "address": 2,
      "room_owner": 2,
      "created_at": "2022-07-28T16:27:59.210Z",
      "updated_at": "2022-07-28T16:33:23.140Z",
      "is_active": false
    }
  },
  {
    "model": "createapp.room",
    "pk": 3,
    "fields": {
      "name": "Коворкинг Sreda",
      "square": 100.0,
      "description": "Description",
      "payment_per_hour": "1300.00",
      "category": 3,
      "seats_number": 1000,
      "minimum_booking_time": 70,
      "start_working_hours": "08:00:00",
      "end_working_hours": "23:00:00",
      "phone_number": "89995555555",
      "address": 3,
      "room_owner": 2,
      "created_at": "2022-07-28T16:31:09.046Z",
      "updated_at": "2022-07-28T16:42:17.682Z",
      "is_active": false
    }
  },
  {
    "model": "createapp.room",
    "pk": 4,
    "fields": {
      "name": "Коворкинг Sreda",
      "square": 100.0,
      "description": "Рабочие места на 19 эт. башни Федерация Восток",
      "payment_per_hour": "1400.00",
      "category": 2,
      "seats_number": 1000,
      "minimum_booking_time": 70,
      "start_working_hours": "08:00:00",
      "end_working_hours": "23:00:00",
      "phone_number": "89995555555",
      "address": 4,
      "room_owner": 2,
      "created_at": "2022-07-28T16:36:15.507Z",
      "updated_at": "2022-07-28T16:41:54.463Z",
      "is_active": true
    }
  },
  {
    "model": "createapp.room",
    "pk": 5,
    "fields": {
      "name": "Коворкинг Work`n`Soda Сухаревская",
      "square": 100.0,
      "description": "рабочее пространство в центре Москвы в 50 метрах от метро. 26 офисов на команды от 4 до 40 человек, 65 рабочих мест, 5 переговорных комнат, 3 ивент-площадки.",
      "payment_per_hour": "1000.00",
      "category": 2,
      "seats_number": 850,
      "minimum_booking_time": 70,
      "start_working_hours": "08:00:00",
      "end_working_hours": "23:00:00",
      "phone_number": "89995555555",
      "address": 5,
      "room_owner": 2,
      "created_at": "2022-07-28T16:40:44.346Z",
      "updated_at": "2022-07-28T16:41:43.035Z",
      "is_active": true
    }
  },
  {
    "model": "createapp.room",
    "pk": 6,
    "fields": {
      "name": "Коворкинг «ЭкоСокольники»",
      "square": 70.0,
      "description": "Идеальный коворкинг для автомобилистов. Недалеко от ТТК, бесплатная парковка, лес и свежий воздух - все для продуктивной работы и отдыха",
      "payment_per_hour": "1000.00",
      "category": 2,
      "seats_number": 500,
      "minimum_booking_time": 70,
      "start_working_hours": "08:00:00",
      "end_working_hours": "23:00:00",
      "phone_number": "89995555555",
      "address": 6,
      "room_owner": 2,
      "created_at": "2022-07-28T16:45:26.660Z",
      "updated_at": "2022-07-28T16:52:01.611Z",
      "is_active": true
    }
  },
  {
    "model": "createapp.room",
    "pk": 7,
    "fields": {
      "name": "AirLab",
      "square": 70.0,
      "description": "коворкинг-клуб AIRLAB расположен в самом сердце Москвы на Театральном Проезде в первом этаже старинного особняка, в здании с 130 летней историей. Интерьер коворкинга выполнен в стиле Лофт",
      "payment_per_hour": "1000.00",
      "category": 1,
      "seats_number": 40,
      "minimum_booking_time": 70,
      "start_working_hours": "08:00:00",
      "end_working_hours": "23:00:00",
      "phone_number": "89995555555",
      "address": 7,
      "room_owner": 2,
      "created_at": "2022-07-28T16:48:06.353Z",
      "updated_at": "2022-07-28T16:52:15.341Z",
      "is_active": true
    }
  },
  {
    "model": "createapp.room",
    "pk": 8,
    "fields": {
      "name": "GrowUp Москва",
      "square": 80.0,
      "description": "Первый московский коворкинг сети GrowUp. В летнее время резиденты коворкинга смогут выходить на крышу, где также планируется проводить различные мероприятия",
      "payment_per_hour": "900.00",
      "category": 4,
      "seats_number": 1000,
      "minimum_booking_time": 70,
      "start_working_hours": "08:00:00",
      "end_working_hours": "23:00:00",
      "phone_number": "89995555555",
      "address": 8,
      "room_owner": 2,
      "created_at": "2022-07-28T16:51:16.103Z",
      "updated_at": "2022-07-28T16:52:30.309Z",
      "is_active": true
    }
  },
  {
    "model": "createapp.room",
    "pk": 9,
    "fields": {
      "name": "Flacon CowOrKing",
      "square": 150.0,
      "description": "Коворкинг на территории творческого кластера - дизайн-завода Флакон. Резиденты в основном связаны с дизайном и программированием",
      "payment_per_hour": "1000.00",
      "category": 1,
      "seats_number": 1000,
      "minimum_booking_time": 70,
      "start_working_hours": "08:00:00",
      "end_working_hours": "23:00:00",
      "phone_number": "89995555555",
      "address": 9,
      "room_owner": 2,
      "created_at": "2022-07-28T16:56:29.497Z",
      "updated_at": "2022-07-28T17:16:36.730Z",
      "is_active": true
    }
  },
  {
    "model": "createapp.room",
    "pk": 10,
    "fields": {
      "name": "FreeDom Павелецкая",
      "square": 120.0,
      "description": "Коворкинг центре Москвы в 3 минутах ходьбы от станци метро Павелецкая",
      "payment_per_hour": "950.00",
      "category": 4,
      "seats_number": 500,
      "minimum_booking_time": 15,
      "start_working_hours": "08:00:00",
      "end_working_hours": "23:00:00",
      "phone_number": "89995555555",
      "address": 10,
      "room_owner": 2,
      "created_at": "2022-07-28T16:59:46.307Z",
      "updated_at": "2022-07-28T17:16:52.696Z",
      "is_active": true
    }
  },
  {
    "model": "createapp.room",
    "pk": 11,
    "fields": {
      "name": "УЛЕЙ",
      "square": 50.0,
      "description": "К нам в Улей можно прийти поработать, посидеть с друзьями или же просто попить вкусный кофе",
      "payment_per_hour": "250.00",
      "category": 1,
      "seats_number": 15,
      "minimum_booking_time": 70,
      "start_working_hours": "08:00:00",
      "end_working_hours": "23:00:00",
      "phone_number": "89995555555",
      "address": 11,
      "room_owner": 2,
      "created_at": "2022-07-28T17:01:58.933Z",
      "updated_at": "2022-07-28T17:17:05.665Z",
      "is_active": true
    }
  },
  {
    "model": "createapp.room",
    "pk": 12,
    "fields": {
      "name": "Collider",
      "square": 200.0,
      "description": "Collider — атмосферный коворкинг на 300 посадочных мест в Казани от основателей Рокетбанка",
      "payment_per_hour": "1000.00",
      "category": 2,
      "seats_number": 1200,
      "minimum_booking_time": 70,
      "start_working_hours": "08:00:00",
      "end_working_hours": "23:00:00",
      "phone_number": "89995555555",
      "address": 12,
      "room_owner": 2,
      "created_at": "2022-07-28T17:04:14.124Z",
      "updated_at": "2022-07-28T17:17:28.450Z",
      "is_active": true
    }
  },
  {
    "model": "createapp.room",
    "pk": 13,
    "fields": {
      "name": "Большой коворкинг Сколково",
      "square": 250.0,
      "description": "Удобное и комфортное пространство в самом центре Инновационного центра, где есть все необходимое для продуктивной работы",
      "payment_per_hour": "550.00",
      "category": 2,
      "seats_number": 1500,
      "minimum_booking_time": 70,
      "start_working_hours": "08:00:00",
      "end_working_hours": "23:00:00",
      "phone_number": "89995555555",
      "address": 13,
      "room_owner": 2,
      "created_at": "2022-07-28T17:06:32.576Z",
      "updated_at": "2022-07-28T17:17:42.838Z",
      "is_active": true
    }
  },
  {
    "model": "createapp.room",
    "pk": 14,
    "fields": {
      "name": "CEO Rooms Empire 8",
      "square": 300.0,
      "description": "CEO Rooms Empire 8 - самый большой коворкинг сети. Башня Империя — это 60-этажный небоскреб в комплексе Москва-Сити, центре деловой жизни столицы, расположен напротив станции метро Выставочная и Международная. Весь 8 этаж башни занимает CEO Rooms.",
      "payment_per_hour": "2000.00",
      "category": 3,
      "seats_number": 1000,
      "minimum_booking_time": 70,
      "start_working_hours": "08:00:00",
      "end_working_hours": "23:00:00",
      "phone_number": "89995555555",
      "address": 14,
      "room_owner": 2,
      "created_at": "2022-07-28T17:09:14.744Z",
      "updated_at": "2022-07-28T17:17:55.746Z",
      "is_active": true
    }
  },
  {
    "model": "createapp.room",
    "pk": 15,
    "fields": {
      "name": "Офис 24/7. Москва-Сити. 28 этаж Федерация Восток",
      "square": 150.0,
      "description": "Идеальное рабочее место, оборудованное всем необходимым для успешного ведения бизнеса. Никаких дополнительных оплат, нет депозитов, есть тарифы для фрилансеров",
      "payment_per_hour": "1000.00",
      "category": 2,
      "seats_number": 1300,
      "minimum_booking_time": 70,
      "start_working_hours": "08:00:00",
      "end_working_hours": "23:00:00",
      "phone_number": "89995555555",
      "address": 15,
      "room_owner": 2,
      "created_at": "2022-07-28T17:11:25.295Z",
      "updated_at": "2022-07-28T17:18:08.186Z",
      "is_active": true
    }
  },
  {
    "model": "createapp.room",
    "pk": 16,
    "fields": {
      "name": "ARTechnology",
      "square": 100.0,
      "description": "Поддержка и объединение компаний и отдельных специалистов, работающих в сфере новых технологий в искусстве,продвижение новаторских экспериментальных проектов",
      "payment_per_hour": "650.00",
      "category": 2,
      "seats_number": 1000,
      "minimum_booking_time": 70,
      "start_working_hours": "08:00:00",
      "end_working_hours": "23:00:00",
      "phone_number": "89995555555",
      "address": 16,
      "room_owner": 2,
      "created_at": "2022-07-28T17:13:40.928Z",
      "updated_at": "2022-07-28T17:18:28.880Z",
      "is_active": true
    }
  },
  {
    "model": "createapp.room",
    "pk": 17,
    "fields": {
      "name": "Gravity",
      "square": 100.0,
      "description": "Просторный лофт-коворкинг",
      "payment_per_hour": "550.00",
      "category": 1,
      "seats_number": 180,
      "minimum_booking_time": 70,
      "start_working_hours": "08:00:00",
      "end_working_hours": "23:00:00",
      "phone_number": "89995555555",
      "address": 17,
      "room_owner": 2,
      "created_at": "2022-07-28T17:15:56.892Z",
      "updated_at": "2022-07-28T17:18:41.262Z",
      "is_active": true
    }
  },
  {
    "model": "createapp.room",
    "pk": 18,
    "fields": {
      "name": "Manufaqtury",
      "square": 130.0,
      "description": "Современные готовые офисы для корпораций и среднего бизнеса",
      "payment_per_hour": "1000.00",
      "category": 2,
      "seats_number": 1000,
      "minimum_booking_time": 70,
      "start_working_hours": "08:00:00",
      "end_working_hours": "23:00:00",
      "phone_number": "89995555555",
      "address": 18,
      "room_owner": 2,
      "created_at": "2022-07-28T17:23:19.542Z",
      "updated_at": "2022-07-28T17:28:56.186Z",
      "is_active": true
    }
  },
  {
    "model": "createapp.offerimages",
    "pk": 1,
    "fields": {
      "room": 1,
      "image": "offer_images/locations_40.jpg"
    }
  },
  {
    "model": "createapp.offerimages",
    "pk": 2,
    "fields": {
      "room": 3,
      "image": "offer_images/locations_10.jpg"
    }
  },
  {
    "model": "createapp.offerimages",
    "pk": 3,
    "fields": {
      "room": 4,
      "image": "offer_images/locations_10_hwWNIoB.jpg"
    }
  },
  {
    "model": "createapp.offerimages",
    "pk": 4,
    "fields": {
      "room": 5,
      "image": "offer_images/locations_14.jpg"
    }
  },
  {
    "model": "createapp.offerimages",
    "pk": 5,
    "fields": {
      "room": 6,
      "image": "offer_images/locations_26.jpg"
    }
  },
  {
    "model": "createapp.offerimages",
    "pk": 6,
    "fields": {
      "room": 7,
      "image": "offer_images/locations_15.jpg"
    }
  },
  {
    "model": "createapp.offerimages",
    "pk": 7,
    "fields": {
      "room": 8,
      "image": "offer_images/locations_24.jpg"
    }
  },
  {
    "model": "createapp.offerimages",
    "pk": 8,
    "fields": {
      "room": 9,
      "image": "offer_images/location-3.jpg"
    }
  },
  {
    "model": "createapp.offerimages",
    "pk": 9,
    "fields": {
      "room": 10,
      "image": "offer_images/locations_1.png"
    }
  },
  {
    "model": "createapp.offerimages",
    "pk": 10,
    "fields": {
      "room": 11,
      "image": "offer_images/locations_4.jpg"
    }
  },
  {
    "model": "createapp.offerimages",
    "pk": 11,
    "fields": {
      "room": 12,
      "image": "offer_images/locations_30.jpg"
    }
  },
  {
    "model": "createapp.offerimages",
    "pk": 12,
    "fields": {
      "room": 13,
      "image": "offer_images/locations_6.jpg"
    }
  },
  {
    "model": "createapp.offerimages",
    "pk": 13,
    "fields": {
      "room": 14,
      "image": "offer_images/locations_23.jpg"
    }
  },
  {
    "model": "createapp.offerimages",
    "pk": 14,
    "fields": {
      "room": 15,
      "image": "offer_images/locations_27.jpg"
    }
  },
  {
    "model": "createapp.offerimages",
    "pk": 15,
    "fields": {
      "room": 16,
      "image": "offer_images/locations_38.jpg"
    }
  },
  {
    "model": "createapp.offerimages",
    "pk": 16,
    "fields": {
      "room": 17,
      "image": "offer_images/locations_33.jpg"
    }
  },
  {
    "model": "createapp.offerimages",
    "pk": 17,
    "fields": {
      "room": 18,
      "image": "offer_images/news-4.jpg"
    }
  },
  {
    "model": "createapp.conveniencetype",
    "pk": 1,
    "fields": {
      "name": "Ключевые удобства",
      "created_at": "2022-07-28T16:11:47.333Z",
      "updated_at": "2022-07-28T16:11:47.334Z"
    }
  },
  {
    "model": "createapp.conveniencetype",
    "pk": 2,
    "fields": {
      "name": "Еда и напитки",
      "created_at": "2022-07-28T16:11:47.357Z",
      "updated_at": "2022-07-28T16:11:47.357Z"
    }
  },
  {
    "model": "createapp.conveniencetype",
    "pk": 3,
    "fields": {
      "name": "Оборудование",
      "created_at": "2022-07-28T16:11:47.365Z",
      "updated_at": "2022-07-28T16:11:47.365Z"
    }
  },
  {
    "model": "createapp.conveniencetype",
    "pk": 4,
    "fields": {
      "name": "Специальные зоны",
      "created_at": "2022-07-28T16:11:47.370Z",
      "updated_at": "2022-07-28T16:11:47.370Z"
    }
  },
  {
    "model": "createapp.conveniencetype",
    "pk": 5,
    "fields": {
      "name": "Услуги",
      "created_at": "2022-07-28T16:11:47.375Z",
      "updated_at": "2022-07-28T16:11:47.375Z"
    }
  },
  {
    "model": "createapp.conveniencetype",
    "pk": 6,
    "fields": {
      "name": "Общение",
      "created_at": "2022-07-28T16:11:47.381Z",
      "updated_at": "2022-07-28T16:11:47.382Z"
    }
  },
  {
    "model": "createapp.conveniencetype",
    "pk": 7,
    "fields": {
      "name": "Транспорт",
      "created_at": "2022-07-28T16:11:47.386Z",
      "updated_at": "2022-07-28T16:11:47.386Z"
    }
  },
  {
    "model": "createapp.conveniencetype",
    "pk": 8,
    "fields": {
      "name": "Здоровье",
      "created_at": "2022-07-28T16:11:47.390Z",
      "updated_at": "2022-07-28T16:11:47.390Z"
    }
  },
  {
    "model": "createapp.convenience",
    "pk": 1,
    "fields": {
      "name": "Wi-Fi",
      "file_name": "wifi.html",
      "convenience_type": 1,
      "created_at": "2022-07-28T16:11:47.348Z",
      "updated_at": "2022-07-28T16:11:47.348Z"
    }
  },
  {
    "model": "createapp.convenience",
    "pk": 2,
    "fields": {
      "name": "Современный ремонт",
      "file_name": "modern_repair.html",
      "convenience_type": 1,
      "created_at": "2022-07-28T16:11:47.351Z",
      "updated_at": "2022-07-28T16:11:47.351Z"
    }
  },
  {
    "model": "createapp.convenience",
    "pk": 3,
    "fields": {
      "name": "Высокоскоростной интернет",
      "file_name": "high-speed_Internet.html",
      "convenience_type": 1,
      "created_at": "2022-07-28T16:11:47.353Z",
      "updated_at": "2022-07-28T16:11:47.353Z"
    }
  },
  {
    "model": "createapp.convenience",
    "pk": 4,
    "fields": {
      "name": "Мебель",
      "file_name": "furniture.html",
      "convenience_type": 1,
      "created_at": "2022-07-28T16:11:47.354Z",
      "updated_at": "2022-07-28T16:11:47.354Z"
    }
  },
  {
    "model": "createapp.convenience",
    "pk": 5,
    "fields": {
      "name": "Охрана",
      "file_name": "security.html",
      "convenience_type": 1,
      "created_at": "2022-07-28T16:11:47.356Z",
      "updated_at": "2022-07-28T16:11:47.356Z"
    }
  },
  {
    "model": "createapp.convenience",
    "pk": 6,
    "fields": {
      "name": "Еда и напитки",
      "file_name": "drinks.html",
      "convenience_type": 2,
      "created_at": "2022-07-28T16:11:47.358Z",
      "updated_at": "2022-07-28T16:11:47.358Z"
    }
  },
  {
    "model": "createapp.convenience",
    "pk": 7,
    "fields": {
      "name": "Закуски/фрукты",
      "file_name": "snacks.html",
      "convenience_type": 2,
      "created_at": "2022-07-28T16:11:47.359Z",
      "updated_at": "2022-07-28T16:11:47.360Z"
    }
  },
  {
    "model": "createapp.convenience",
    "pk": 8,
    "fields": {
      "name": "Кухня",
      "file_name": "kitchen.html",
      "convenience_type": 2,
      "created_at": "2022-07-28T16:11:47.361Z",
      "updated_at": "2022-07-28T16:11:47.362Z"
    }
  },
  {
    "model": "createapp.convenience",
    "pk": 9,
    "fields": {
      "name": "Cafe",
      "file_name": "cafe.html",
      "convenience_type": 2,
      "created_at": "2022-07-28T16:11:47.363Z",
      "updated_at": "2022-07-28T16:11:47.363Z"
    }
  },
  {
    "model": "createapp.convenience",
    "pk": 10,
    "fields": {
      "name": "Принтер/сканер",
      "file_name": "scanner.html",
      "convenience_type": 3,
      "created_at": "2022-07-28T16:11:47.366Z",
      "updated_at": "2022-07-28T16:11:47.366Z"
    }
  },
  {
    "model": "createapp.convenience",
    "pk": 11,
    "fields": {
      "name": "Факс",
      "file_name": "fax.html",
      "convenience_type": 3,
      "created_at": "2022-07-28T16:11:47.368Z",
      "updated_at": "2022-07-28T16:11:47.368Z"
    }
  },
  {
    "model": "createapp.convenience",
    "pk": 12,
    "fields": {
      "name": "Флипчарт",
      "file_name": "flipchart.html",
      "convenience_type": 3,
      "created_at": "2022-07-28T16:11:47.369Z",
      "updated_at": "2022-07-28T16:11:47.369Z"
    }
  },
  {
    "model": "createapp.convenience",
    "pk": 13,
    "fields": {
      "name": "Переговорные комнаты",
      "file_name": "conference_room.html",
      "convenience_type": 4,
      "created_at": "2022-07-28T16:11:47.371Z",
      "updated_at": "2022-07-28T16:11:47.371Z"
    }
  },
  {
    "model": "createapp.convenience",
    "pk": 14,
    "fields": {
      "name": "Телефон",
      "file_name": "phone.html",
      "convenience_type": 4,
      "created_at": "2022-07-28T16:11:47.372Z",
      "updated_at": "2022-07-28T16:11:47.373Z"
    }
  },
  {
    "model": "createapp.convenience",
    "pk": 15,
    "fields": {
      "name": "Шкафчики",
      "file_name": "locker.html",
      "convenience_type": 4,
      "created_at": "2022-07-28T16:11:47.374Z",
      "updated_at": "2022-07-28T16:11:47.374Z"
    }
  },
  {
    "model": "createapp.convenience",
    "pk": 16,
    "fields": {
      "name": "Техническая поддержка",
      "file_name": "support.html",
      "convenience_type": 5,
      "created_at": "2022-07-28T16:11:47.377Z",
      "updated_at": "2022-07-28T16:11:47.377Z"
    }
  },
  {
    "model": "createapp.convenience",
    "pk": 17,
    "fields": {
      "name": "Ресепшн",
      "file_name": "reception.html",
      "convenience_type": 5,
      "created_at": "2022-07-28T16:11:47.379Z",
      "updated_at": "2022-07-28T16:11:47.379Z"
    }
  },
  {
    "model": "createapp.convenience",
    "pk": 18,
    "fields": {
      "name": "Клининг",
      "file_name": "cleaning.html",
      "convenience_type": 5,
      "created_at": "2022-07-28T16:11:47.380Z",
      "updated_at": "2022-07-28T16:11:47.380Z"
    }
  },
  {
    "model": "createapp.convenience",
    "pk": 19,
    "fields": {
      "name": "Зоны отдыха",
      "file_name": "relax.html",
      "convenience_type": 6,
      "created_at": "2022-07-28T16:11:47.383Z",
      "updated_at": "2022-07-28T16:11:47.383Z"
    }
  },
  {
    "model": "createapp.convenience",
    "pk": 20,
    "fields": {
      "name": "Мероприятия",
      "file_name": "events.html",
      "convenience_type": 6,
      "created_at": "2022-07-28T16:11:47.384Z",
      "updated_at": "2022-07-28T16:11:47.384Z"
    }
  },
  {
    "model": "createapp.convenience",
    "pk": 21,
    "fields": {
      "name": "Парковка",
      "file_name": "parking.html",
      "convenience_type": 7,
      "created_at": "2022-07-28T16:11:47.387Z",
      "updated_at": "2022-07-28T16:11:47.387Z"
    }
  },
  {
    "model": "createapp.convenience",
    "pk": 22,
    "fields": {
      "name": "Велопарковка",
      "file_name": "bike_parking.html",
      "convenience_type": 7,
      "created_at": "2022-07-28T16:11:47.389Z",
      "updated_at": "2022-07-28T16:11:47.389Z"
    }
  },
  {
    "model": "createapp.convenience",
    "pk": 23,
    "fields": {
      "name": "Спортзал",
      "file_name": "gym.html",
      "convenience_type": 8,
      "created_at": "2022-07-28T16:11:47.391Z",
      "updated_at": "2022-07-28T16:11:47.391Z"
    }
  },
  {
    "model": "createapp.convenienceroom",
    "pk": 1,
    "fields": {
      "room_id": 1,
      "convenience_id": 15,
      "created_at": "2022-07-28T16:22:07.128Z",
      "updated_at": "2022-07-28T16:22:07.129Z"
    }
  },
  {
    "model": "createapp.convenienceroom",
    "pk": 2,
    "fields": {
      "room_id": 1,
      "convenience_id": 3,
      "created_at": "2022-07-28T16:22:07.129Z",
      "updated_at": "2022-07-28T16:22:07.129Z"
    }
  },
  {
    "model": "createapp.convenienceroom",
    "pk": 3,
    "fields": {
      "room_id": 1,
      "convenience_id": 13,
      "created_at": "2022-07-28T16:22:07.129Z",
      "updated_at": "2022-07-28T16:22:07.129Z"
    }
  },
  {
    "model": "createapp.convenienceroom",
    "pk": 4,
    "fields": {
      "room_id": 1,
      "convenience_id": 2,
      "created_at": "2022-07-28T16:22:07.129Z",
      "updated_at": "2022-07-28T16:22:07.130Z"
    }
  },
  {
    "model": "createapp.convenienceroom",
    "pk": 5,
    "fields": {
      "room_id": 1,
      "convenience_id": 17,
      "created_at": "2022-07-28T16:22:07.130Z",
      "updated_at": "2022-07-28T16:22:07.130Z"
    }
  },
  {
    "model": "createapp.convenienceroom",
    "pk": 6,
    "fields": {
      "room_id": 1,
      "convenience_id": 9,
      "created_at": "2022-07-28T16:22:07.130Z",
      "updated_at": "2022-07-28T16:22:07.130Z"
    }
  },
  {
    "model": "createapp.convenienceroom",
    "pk": 7,
    "fields": {
      "room_id": 1,
      "convenience_id": 4,
      "created_at": "2022-07-28T16:22:07.130Z",
      "updated_at": "2022-07-28T16:22:07.131Z"
    }
  },
  {
    "model": "createapp.convenienceroom",
    "pk": 8,
    "fields": {
      "room_id": 1,
      "convenience_id": 19,
      "created_at": "2022-07-28T16:22:07.131Z",
      "updated_at": "2022-07-28T16:22:07.131Z"
    }
  },
  {
    "model": "createapp.convenienceroom",
    "pk": 9,
    "fields": {
      "room_id": 1,
      "convenience_id": 21,
      "created_at": "2022-07-28T16:22:07.131Z",
      "updated_at": "2022-07-28T16:22:07.131Z"
    }
  },
  {
    "model": "createapp.convenienceroom",
    "pk": 10,
    "fields": {
      "room_id": 1,
      "convenience_id": 12,
      "created_at": "2022-07-28T16:22:07.131Z",
      "updated_at": "2022-07-28T16:22:07.131Z"
    }
  },
  {
    "model": "createapp.convenienceroom",
    "pk": 11,
    "fields": {
      "room_id": 1,
      "convenience_id": 10,
      "created_at": "2022-07-28T16:22:07.131Z",
      "updated_at": "2022-07-28T16:22:07.131Z"
    }
  },
  {
    "model": "createapp.convenienceroom",
    "pk": 12,
    "fields": {
      "room_id": 1,
      "convenience_id": 20,
      "created_at": "2022-07-28T16:22:07.131Z",
      "updated_at": "2022-07-28T16:22:07.131Z"
    }
  },
  {
    "model": "createapp.convenienceroom",
    "pk": 13,
    "fields": {
      "room_id": 1,
      "convenience_id": 1,
      "created_at": "2022-07-28T16:22:07.131Z",
      "updated_at": "2022-07-28T16:22:07.131Z"
    }
  },
  {
    "model": "createapp.convenienceroom",
    "pk": 14,
    "fields": {
      "room_id": 1,
      "convenience_id": 23,
      "created_at": "2022-07-28T16:22:07.131Z",
      "updated_at": "2022-07-28T16:22:07.131Z"
    }
  },
  {
    "model": "createapp.convenienceroom",
    "pk": 15,
    "fields": {
      "room_id": 1,
      "convenience_id": 5,
      "created_at": "2022-07-28T16:22:07.132Z",
      "updated_at": "2022-07-28T16:22:07.132Z"
    }
  },
  {
    "model": "createapp.convenienceroom",
    "pk": 16,
    "fields": {
      "room_id": 1,
      "convenience_id": 18,
      "created_at": "2022-07-28T16:22:07.132Z",
      "updated_at": "2022-07-28T16:22:07.132Z"
    }
  },
  {
    "model": "createapp.convenienceroom",
    "pk": 17,
    "fields": {
      "room_id": 1,
      "convenience_id": 14,
      "created_at": "2022-07-28T16:22:07.132Z",
      "updated_at": "2022-07-28T16:22:07.132Z"
    }
  },
  {
    "model": "createapp.convenienceroom",
    "pk": 18,
    "fields": {
      "room_id": 1,
      "convenience_id": 16,
      "created_at": "2022-07-28T16:22:07.132Z",
      "updated_at": "2022-07-28T16:22:07.132Z"
    }
  },
  {
    "model": "createapp.convenienceroom",
    "pk": 19,
    "fields": {
      "room_id": 1,
      "convenience_id": 6,
      "created_at": "2022-07-28T16:22:07.132Z",
      "updated_at": "2022-07-28T16:22:07.132Z"
    }
  },
  {
    "model": "createapp.convenienceroom",
    "pk": 20,
    "fields": {
      "room_id": 2,
      "convenience_id": 18,
      "created_at": "2022-07-28T16:27:59.213Z",
      "updated_at": "2022-07-28T16:27:59.213Z"
    }
  },
  {
    "model": "createapp.convenienceroom",
    "pk": 21,
    "fields": {
      "room_id": 2,
      "convenience_id": 4,
      "created_at": "2022-07-28T16:27:59.214Z",
      "updated_at": "2022-07-28T16:27:59.214Z"
    }
  },
  {
    "model": "createapp.convenienceroom",
    "pk": 22,
    "fields": {
      "room_id": 2,
      "convenience_id": 13,
      "created_at": "2022-07-28T16:27:59.214Z",
      "updated_at": "2022-07-28T16:27:59.214Z"
    }
  },
  {
    "model": "createapp.convenienceroom",
    "pk": 23,
    "fields": {
      "room_id": 2,
      "convenience_id": 19,
      "created_at": "2022-07-28T16:27:59.214Z",
      "updated_at": "2022-07-28T16:27:59.214Z"
    }
  },
  {
    "model": "createapp.convenienceroom",
    "pk": 24,
    "fields": {
      "room_id": 2,
      "convenience_id": 16,
      "created_at": "2022-07-28T16:27:59.214Z",
      "updated_at": "2022-07-28T16:27:59.214Z"
    }
  },
  {
    "model": "createapp.convenienceroom",
    "pk": 25,
    "fields": {
      "room_id": 2,
      "convenience_id": 21,
      "created_at": "2022-07-28T16:27:59.214Z",
      "updated_at": "2022-07-28T16:27:59.214Z"
    }
  },
  {
    "model": "createapp.convenienceroom",
    "pk": 26,
    "fields": {
      "room_id": 2,
      "convenience_id": 2,
      "created_at": "2022-07-28T16:27:59.214Z",
      "updated_at": "2022-07-28T16:27:59.214Z"
    }
  },
  {
    "model": "createapp.convenienceroom",
    "pk": 27,
    "fields": {
      "room_id": 2,
      "convenience_id": 10,
      "created_at": "2022-07-28T16:27:59.214Z",
      "updated_at": "2022-07-28T16:27:59.214Z"
    }
  },
  {
    "model": "createapp.convenienceroom",
    "pk": 28,
    "fields": {
      "room_id": 2,
      "convenience_id": 6,
      "created_at": "2022-07-28T16:27:59.214Z",
      "updated_at": "2022-07-28T16:27:59.214Z"
    }
  },
  {
    "model": "createapp.convenienceroom",
    "pk": 29,
    "fields": {
      "room_id": 2,
      "convenience_id": 20,
      "created_at": "2022-07-28T16:27:59.215Z",
      "updated_at": "2022-07-28T16:27:59.215Z"
    }
  },
  {
    "model": "createapp.convenienceroom",
    "pk": 30,
    "fields": {
      "room_id": 2,
      "convenience_id": 1,
      "created_at": "2022-07-28T16:27:59.215Z",
      "updated_at": "2022-07-28T16:27:59.215Z"
    }
  },
  {
    "model": "createapp.convenienceroom",
    "pk": 31,
    "fields": {
      "room_id": 2,
      "convenience_id": 3,
      "created_at": "2022-07-28T16:27:59.215Z",
      "updated_at": "2022-07-28T16:27:59.215Z"
    }
  },
  {
    "model": "createapp.convenienceroom",
    "pk": 32,
    "fields": {
      "room_id": 2,
      "convenience_id": 5,
      "created_at": "2022-07-28T16:27:59.215Z",
      "updated_at": "2022-07-28T16:27:59.215Z"
    }
  },
  {
    "model": "createapp.convenienceroom",
    "pk": 33,
    "fields": {
      "room_id": 3,
      "convenience_id": 15,
      "created_at": "2022-07-28T16:31:09.053Z",
      "updated_at": "2022-07-28T16:31:09.054Z"
    }
  },
  {
    "model": "createapp.convenienceroom",
    "pk": 34,
    "fields": {
      "room_id": 3,
      "convenience_id": 3,
      "created_at": "2022-07-28T16:31:09.054Z",
      "updated_at": "2022-07-28T16:31:09.054Z"
    }
  },
  {
    "model": "createapp.convenienceroom",
    "pk": 35,
    "fields": {
      "room_id": 3,
      "convenience_id": 13,
      "created_at": "2022-07-28T16:31:09.054Z",
      "updated_at": "2022-07-28T16:31:09.054Z"
    }
  },
  {
    "model": "createapp.convenienceroom",
    "pk": 36,
    "fields": {
      "room_id": 3,
      "convenience_id": 2,
      "created_at": "2022-07-28T16:31:09.054Z",
      "updated_at": "2022-07-28T16:31:09.054Z"
    }
  },
  {
    "model": "createapp.convenienceroom",
    "pk": 37,
    "fields": {
      "room_id": 3,
      "convenience_id": 17,
      "created_at": "2022-07-28T16:31:09.054Z",
      "updated_at": "2022-07-28T16:31:09.054Z"
    }
  },
  {
    "model": "createapp.convenienceroom",
    "pk": 38,
    "fields": {
      "room_id": 3,
      "convenience_id": 9,
      "created_at": "2022-07-28T16:31:09.054Z",
      "updated_at": "2022-07-28T16:31:09.055Z"
    }
  },
  {
    "model": "createapp.convenienceroom",
    "pk": 39,
    "fields": {
      "room_id": 3,
      "convenience_id": 4,
      "created_at": "2022-07-28T16:31:09.055Z",
      "updated_at": "2022-07-28T16:31:09.055Z"
    }
  },
  {
    "model": "createapp.convenienceroom",
    "pk": 40,
    "fields": {
      "room_id": 3,
      "convenience_id": 7,
      "created_at": "2022-07-28T16:31:09.055Z",
      "updated_at": "2022-07-28T16:31:09.055Z"
    }
  },
  {
    "model": "createapp.convenienceroom",
    "pk": 41,
    "fields": {
      "room_id": 3,
      "convenience_id": 19,
      "created_at": "2022-07-28T16:31:09.055Z",
      "updated_at": "2022-07-28T16:31:09.055Z"
    }
  },
  {
    "model": "createapp.convenienceroom",
    "pk": 42,
    "fields": {
      "room_id": 3,
      "convenience_id": 12,
      "created_at": "2022-07-28T16:31:09.056Z",
      "updated_at": "2022-07-28T16:31:09.056Z"
    }
  },
  {
    "model": "createapp.convenienceroom",
    "pk": 43,
    "fields": {
      "room_id": 3,
      "convenience_id": 21,
      "created_at": "2022-07-28T16:31:09.056Z",
      "updated_at": "2022-07-28T16:31:09.056Z"
    }
  },
  {
    "model": "createapp.convenienceroom",
    "pk": 44,
    "fields": {
      "room_id": 3,
      "convenience_id": 10,
      "created_at": "2022-07-28T16:31:09.056Z",
      "updated_at": "2022-07-28T16:31:09.057Z"
    }
  },
  {
    "model": "createapp.convenienceroom",
    "pk": 45,
    "fields": {
      "room_id": 3,
      "convenience_id": 20,
      "created_at": "2022-07-28T16:31:09.057Z",
      "updated_at": "2022-07-28T16:31:09.057Z"
    }
  },
  {
    "model": "createapp.convenienceroom",
    "pk": 46,
    "fields": {
      "room_id": 3,
      "convenience_id": 1,
      "created_at": "2022-07-28T16:31:09.057Z",
      "updated_at": "2022-07-28T16:31:09.057Z"
    }
  },
  {
    "model": "createapp.convenienceroom",
    "pk": 47,
    "fields": {
      "room_id": 3,
      "convenience_id": 5,
      "created_at": "2022-07-28T16:31:09.057Z",
      "updated_at": "2022-07-28T16:31:09.057Z"
    }
  },
  {
    "model": "createapp.convenienceroom",
    "pk": 48,
    "fields": {
      "room_id": 3,
      "convenience_id": 18,
      "created_at": "2022-07-28T16:31:09.058Z",
      "updated_at": "2022-07-28T16:31:09.058Z"
    }
  },
  {
    "model": "createapp.convenienceroom",
    "pk": 49,
    "fields": {
      "room_id": 3,
      "convenience_id": 14,
      "created_at": "2022-07-28T16:31:09.058Z",
      "updated_at": "2022-07-28T16:31:09.058Z"
    }
  },
  {
    "model": "createapp.convenienceroom",
    "pk": 50,
    "fields": {
      "room_id": 3,
      "convenience_id": 16,
      "created_at": "2022-07-28T16:31:09.058Z",
      "updated_at": "2022-07-28T16:31:09.058Z"
    }
  },
  {
    "model": "createapp.convenienceroom",
    "pk": 51,
    "fields": {
      "room_id": 3,
      "convenience_id": 6,
      "created_at": "2022-07-28T16:31:09.058Z",
      "updated_at": "2022-07-28T16:31:09.059Z"
    }
  },
  {
    "model": "createapp.convenienceroom",
    "pk": 52,
    "fields": {
      "room_id": 4,
      "convenience_id": 15,
      "created_at": "2022-07-28T16:36:15.515Z",
      "updated_at": "2022-07-28T16:36:15.515Z"
    }
  },
  {
    "model": "createapp.convenienceroom",
    "pk": 53,
    "fields": {
      "room_id": 4,
      "convenience_id": 3,
      "created_at": "2022-07-28T16:36:15.515Z",
      "updated_at": "2022-07-28T16:36:15.515Z"
    }
  },
  {
    "model": "createapp.convenienceroom",
    "pk": 54,
    "fields": {
      "room_id": 4,
      "convenience_id": 13,
      "created_at": "2022-07-28T16:36:15.515Z",
      "updated_at": "2022-07-28T16:36:15.515Z"
    }
  },
  {
    "model": "createapp.convenienceroom",
    "pk": 55,
    "fields": {
      "room_id": 4,
      "convenience_id": 2,
      "created_at": "2022-07-28T16:36:15.515Z",
      "updated_at": "2022-07-28T16:36:15.515Z"
    }
  },
  {
    "model": "createapp.convenienceroom",
    "pk": 56,
    "fields": {
      "room_id": 4,
      "convenience_id": 17,
      "created_at": "2022-07-28T16:36:15.515Z",
      "updated_at": "2022-07-28T16:36:15.515Z"
    }
  },
  {
    "model": "createapp.convenienceroom",
    "pk": 57,
    "fields": {
      "room_id": 4,
      "convenience_id": 9,
      "created_at": "2022-07-28T16:36:15.515Z",
      "updated_at": "2022-07-28T16:36:15.516Z"
    }
  },
  {
    "model": "createapp.convenienceroom",
    "pk": 58,
    "fields": {
      "room_id": 4,
      "convenience_id": 4,
      "created_at": "2022-07-28T16:36:15.516Z",
      "updated_at": "2022-07-28T16:36:15.516Z"
    }
  },
  {
    "model": "createapp.convenienceroom",
    "pk": 59,
    "fields": {
      "room_id": 4,
      "convenience_id": 7,
      "created_at": "2022-07-28T16:36:15.516Z",
      "updated_at": "2022-07-28T16:36:15.516Z"
    }
  },
  {
    "model": "createapp.convenienceroom",
    "pk": 60,
    "fields": {
      "room_id": 4,
      "convenience_id": 19,
      "created_at": "2022-07-28T16:36:15.516Z",
      "updated_at": "2022-07-28T16:36:15.516Z"
    }
  },
  {
    "model": "createapp.convenienceroom",
    "pk": 61,
    "fields": {
      "room_id": 4,
      "convenience_id": 12,
      "created_at": "2022-07-28T16:36:15.516Z",
      "updated_at": "2022-07-28T16:36:15.516Z"
    }
  },
  {
    "model": "createapp.convenienceroom",
    "pk": 62,
    "fields": {
      "room_id": 4,
      "convenience_id": 21,
      "created_at": "2022-07-28T16:36:15.516Z",
      "updated_at": "2022-07-28T16:36:15.516Z"
    }
  },
  {
    "model": "createapp.convenienceroom",
    "pk": 63,
    "fields": {
      "room_id": 4,
      "convenience_id": 10,
      "created_at": "2022-07-28T16:36:15.516Z",
      "updated_at": "2022-07-28T16:36:15.516Z"
    }
  },
  {
    "model": "createapp.convenienceroom",
    "pk": 64,
    "fields": {
      "room_id": 4,
      "convenience_id": 20,
      "created_at": "2022-07-28T16:36:15.516Z",
      "updated_at": "2022-07-28T16:36:15.516Z"
    }
  },
  {
    "model": "createapp.convenienceroom",
    "pk": 65,
    "fields": {
      "room_id": 4,
      "convenience_id": 1,
      "created_at": "2022-07-28T16:36:15.517Z",
      "updated_at": "2022-07-28T16:36:15.517Z"
    }
  },
  {
    "model": "createapp.convenienceroom",
    "pk": 66,
    "fields": {
      "room_id": 4,
      "convenience_id": 5,
      "created_at": "2022-07-28T16:36:15.517Z",
      "updated_at": "2022-07-28T16:36:15.517Z"
    }
  },
  {
    "model": "createapp.convenienceroom",
    "pk": 67,
    "fields": {
      "room_id": 4,
      "convenience_id": 18,
      "created_at": "2022-07-28T16:36:15.517Z",
      "updated_at": "2022-07-28T16:36:15.517Z"
    }
  },
  {
    "model": "createapp.convenienceroom",
    "pk": 68,
    "fields": {
      "room_id": 4,
      "convenience_id": 14,
      "created_at": "2022-07-28T16:36:15.517Z",
      "updated_at": "2022-07-28T16:36:15.517Z"
    }
  },
  {
    "model": "createapp.convenienceroom",
    "pk": 69,
    "fields": {
      "room_id": 4,
      "convenience_id": 16,
      "created_at": "2022-07-28T16:36:15.517Z",
      "updated_at": "2022-07-28T16:36:15.517Z"
    }
  },
  {
    "model": "createapp.convenienceroom",
    "pk": 70,
    "fields": {
      "room_id": 4,
      "convenience_id": 6,
      "created_at": "2022-07-28T16:36:15.517Z",
      "updated_at": "2022-07-28T16:36:15.517Z"
    }
  },
  {
    "model": "createapp.convenienceroom",
    "pk": 71,
    "fields": {
      "room_id": 5,
      "convenience_id": 18,
      "created_at": "2022-07-28T16:40:44.352Z",
      "updated_at": "2022-07-28T16:40:44.352Z"
    }
  },
  {
    "model": "createapp.convenienceroom",
    "pk": 72,
    "fields": {
      "room_id": 5,
      "convenience_id": 14,
      "created_at": "2022-07-28T16:40:44.353Z",
      "updated_at": "2022-07-28T16:40:44.353Z"
    }
  },
  {
    "model": "createapp.convenienceroom",
    "pk": 73,
    "fields": {
      "room_id": 5,
      "convenience_id": 4,
      "created_at": "2022-07-28T16:40:44.353Z",
      "updated_at": "2022-07-28T16:40:44.353Z"
    }
  },
  {
    "model": "createapp.convenienceroom",
    "pk": 74,
    "fields": {
      "room_id": 5,
      "convenience_id": 13,
      "created_at": "2022-07-28T16:40:44.353Z",
      "updated_at": "2022-07-28T16:40:44.353Z"
    }
  },
  {
    "model": "createapp.convenienceroom",
    "pk": 75,
    "fields": {
      "room_id": 5,
      "convenience_id": 19,
      "created_at": "2022-07-28T16:40:44.353Z",
      "updated_at": "2022-07-28T16:40:44.353Z"
    }
  },
  {
    "model": "createapp.convenienceroom",
    "pk": 76,
    "fields": {
      "room_id": 5,
      "convenience_id": 16,
      "created_at": "2022-07-28T16:40:44.353Z",
      "updated_at": "2022-07-28T16:40:44.353Z"
    }
  },
  {
    "model": "createapp.convenienceroom",
    "pk": 77,
    "fields": {
      "room_id": 5,
      "convenience_id": 21,
      "created_at": "2022-07-28T16:40:44.353Z",
      "updated_at": "2022-07-28T16:40:44.353Z"
    }
  },
  {
    "model": "createapp.convenienceroom",
    "pk": 78,
    "fields": {
      "room_id": 5,
      "convenience_id": 2,
      "created_at": "2022-07-28T16:40:44.353Z",
      "updated_at": "2022-07-28T16:40:44.353Z"
    }
  },
  {
    "model": "createapp.convenienceroom",
    "pk": 79,
    "fields": {
      "room_id": 5,
      "convenience_id": 15,
      "created_at": "2022-07-28T16:40:44.353Z",
      "updated_at": "2022-07-28T16:40:44.353Z"
    }
  },
  {
    "model": "createapp.convenienceroom",
    "pk": 80,
    "fields": {
      "room_id": 5,
      "convenience_id": 6,
      "created_at": "2022-07-28T16:40:44.354Z",
      "updated_at": "2022-07-28T16:40:44.354Z"
    }
  },
  {
    "model": "createapp.convenienceroom",
    "pk": 81,
    "fields": {
      "room_id": 5,
      "convenience_id": 20,
      "created_at": "2022-07-28T16:40:44.354Z",
      "updated_at": "2022-07-28T16:40:44.354Z"
    }
  },
  {
    "model": "createapp.convenienceroom",
    "pk": 82,
    "fields": {
      "room_id": 5,
      "convenience_id": 1,
      "created_at": "2022-07-28T16:40:44.354Z",
      "updated_at": "2022-07-28T16:40:44.354Z"
    }
  },
  {
    "model": "createapp.convenienceroom",
    "pk": 83,
    "fields": {
      "room_id": 5,
      "convenience_id": 3,
      "created_at": "2022-07-28T16:40:44.354Z",
      "updated_at": "2022-07-28T16:40:44.355Z"
    }
  },
  {
    "model": "createapp.convenienceroom",
    "pk": 84,
    "fields": {
      "room_id": 5,
      "convenience_id": 17,
      "created_at": "2022-07-28T16:40:44.355Z",
      "updated_at": "2022-07-28T16:40:44.355Z"
    }
  },
  {
    "model": "createapp.convenienceroom",
    "pk": 85,
    "fields": {
      "room_id": 6,
      "convenience_id": 18,
      "created_at": "2022-07-28T16:45:26.664Z",
      "updated_at": "2022-07-28T16:45:26.664Z"
    }
  },
  {
    "model": "createapp.convenienceroom",
    "pk": 86,
    "fields": {
      "room_id": 6,
      "convenience_id": 14,
      "created_at": "2022-07-28T16:45:26.664Z",
      "updated_at": "2022-07-28T16:45:26.664Z"
    }
  },
  {
    "model": "createapp.convenienceroom",
    "pk": 87,
    "fields": {
      "room_id": 6,
      "convenience_id": 4,
      "created_at": "2022-07-28T16:45:26.664Z",
      "updated_at": "2022-07-28T16:45:26.664Z"
    }
  },
  {
    "model": "createapp.convenienceroom",
    "pk": 88,
    "fields": {
      "room_id": 6,
      "convenience_id": 13,
      "created_at": "2022-07-28T16:45:26.664Z",
      "updated_at": "2022-07-28T16:45:26.665Z"
    }
  },
  {
    "model": "createapp.convenienceroom",
    "pk": 89,
    "fields": {
      "room_id": 6,
      "convenience_id": 19,
      "created_at": "2022-07-28T16:45:26.665Z",
      "updated_at": "2022-07-28T16:45:26.665Z"
    }
  },
  {
    "model": "createapp.convenienceroom",
    "pk": 90,
    "fields": {
      "room_id": 6,
      "convenience_id": 7,
      "created_at": "2022-07-28T16:45:26.665Z",
      "updated_at": "2022-07-28T16:45:26.665Z"
    }
  },
  {
    "model": "createapp.convenienceroom",
    "pk": 91,
    "fields": {
      "room_id": 6,
      "convenience_id": 8,
      "created_at": "2022-07-28T16:45:26.665Z",
      "updated_at": "2022-07-28T16:45:26.665Z"
    }
  },
  {
    "model": "createapp.convenienceroom",
    "pk": 92,
    "fields": {
      "room_id": 6,
      "convenience_id": 12,
      "created_at": "2022-07-28T16:45:26.665Z",
      "updated_at": "2022-07-28T16:45:26.665Z"
    }
  },
  {
    "model": "createapp.convenienceroom",
    "pk": 93,
    "fields": {
      "room_id": 6,
      "convenience_id": 2,
      "created_at": "2022-07-28T16:45:26.665Z",
      "updated_at": "2022-07-28T16:45:26.665Z"
    }
  },
  {
    "model": "createapp.convenienceroom",
    "pk": 94,
    "fields": {
      "room_id": 6,
      "convenience_id": 21,
      "created_at": "2022-07-28T16:45:26.665Z",
      "updated_at": "2022-07-28T16:45:26.665Z"
    }
  },
  {
    "model": "createapp.convenienceroom",
    "pk": 95,
    "fields": {
      "room_id": 6,
      "convenience_id": 15,
      "created_at": "2022-07-28T16:45:26.665Z",
      "updated_at": "2022-07-28T16:45:26.665Z"
    }
  },
  {
    "model": "createapp.convenienceroom",
    "pk": 96,
    "fields": {
      "room_id": 6,
      "convenience_id": 10,
      "created_at": "2022-07-28T16:45:26.665Z",
      "updated_at": "2022-07-28T16:45:26.665Z"
    }
  },
  {
    "model": "createapp.convenienceroom",
    "pk": 97,
    "fields": {
      "room_id": 6,
      "convenience_id": 6,
      "created_at": "2022-07-28T16:45:26.666Z",
      "updated_at": "2022-07-28T16:45:26.666Z"
    }
  },
  {
    "model": "createapp.convenienceroom",
    "pk": 98,
    "fields": {
      "room_id": 6,
      "convenience_id": 20,
      "created_at": "2022-07-28T16:45:26.666Z",
      "updated_at": "2022-07-28T16:45:26.666Z"
    }
  },
  {
    "model": "createapp.convenienceroom",
    "pk": 99,
    "fields": {
      "room_id": 6,
      "convenience_id": 1,
      "created_at": "2022-07-28T16:45:26.666Z",
      "updated_at": "2022-07-28T16:45:26.666Z"
    }
  },
  {
    "model": "createapp.convenienceroom",
    "pk": 100,
    "fields": {
      "room_id": 6,
      "convenience_id": 23,
      "created_at": "2022-07-28T16:45:26.666Z",
      "updated_at": "2022-07-28T16:45:26.666Z"
    }
  },
  {
    "model": "createapp.convenienceroom",
    "pk": 101,
    "fields": {
      "room_id": 6,
      "convenience_id": 3,
      "created_at": "2022-07-28T16:45:26.666Z",
      "updated_at": "2022-07-28T16:45:26.666Z"
    }
  },
  {
    "model": "createapp.convenienceroom",
    "pk": 102,
    "fields": {
      "room_id": 6,
      "convenience_id": 5,
      "created_at": "2022-07-28T16:45:26.666Z",
      "updated_at": "2022-07-28T16:45:26.666Z"
    }
  },
  {
    "model": "createapp.convenienceroom",
    "pk": 103,
    "fields": {
      "room_id": 7,
      "convenience_id": 14,
      "created_at": "2022-07-28T16:48:06.358Z",
      "updated_at": "2022-07-28T16:48:06.358Z"
    }
  },
  {
    "model": "createapp.convenienceroom",
    "pk": 104,
    "fields": {
      "room_id": 7,
      "convenience_id": 4,
      "created_at": "2022-07-28T16:48:06.358Z",
      "updated_at": "2022-07-28T16:48:06.358Z"
    }
  },
  {
    "model": "createapp.convenienceroom",
    "pk": 105,
    "fields": {
      "room_id": 7,
      "convenience_id": 16,
      "created_at": "2022-07-28T16:48:06.359Z",
      "updated_at": "2022-07-28T16:48:06.359Z"
    }
  },
  {
    "model": "createapp.convenienceroom",
    "pk": 106,
    "fields": {
      "room_id": 7,
      "convenience_id": 19,
      "created_at": "2022-07-28T16:48:06.359Z",
      "updated_at": "2022-07-28T16:48:06.360Z"
    }
  },
  {
    "model": "createapp.convenienceroom",
    "pk": 107,
    "fields": {
      "room_id": 7,
      "convenience_id": 13,
      "created_at": "2022-07-28T16:48:06.360Z",
      "updated_at": "2022-07-28T16:48:06.361Z"
    }
  },
  {
    "model": "createapp.convenienceroom",
    "pk": 108,
    "fields": {
      "room_id": 7,
      "convenience_id": 12,
      "created_at": "2022-07-28T16:48:06.361Z",
      "updated_at": "2022-07-28T16:48:06.361Z"
    }
  },
  {
    "model": "createapp.convenienceroom",
    "pk": 109,
    "fields": {
      "room_id": 7,
      "convenience_id": 2,
      "created_at": "2022-07-28T16:48:06.361Z",
      "updated_at": "2022-07-28T16:48:06.361Z"
    }
  },
  {
    "model": "createapp.convenienceroom",
    "pk": 110,
    "fields": {
      "room_id": 7,
      "convenience_id": 10,
      "created_at": "2022-07-28T16:48:06.361Z",
      "updated_at": "2022-07-28T16:48:06.361Z"
    }
  },
  {
    "model": "createapp.convenienceroom",
    "pk": 111,
    "fields": {
      "room_id": 7,
      "convenience_id": 6,
      "created_at": "2022-07-28T16:48:06.361Z",
      "updated_at": "2022-07-28T16:48:06.362Z"
    }
  },
  {
    "model": "createapp.convenienceroom",
    "pk": 112,
    "fields": {
      "room_id": 7,
      "convenience_id": 20,
      "created_at": "2022-07-28T16:48:06.362Z",
      "updated_at": "2022-07-28T16:48:06.362Z"
    }
  },
  {
    "model": "createapp.convenienceroom",
    "pk": 113,
    "fields": {
      "room_id": 7,
      "convenience_id": 1,
      "created_at": "2022-07-28T16:48:06.362Z",
      "updated_at": "2022-07-28T16:48:06.362Z"
    }
  },
  {
    "model": "createapp.convenienceroom",
    "pk": 114,
    "fields": {
      "room_id": 7,
      "convenience_id": 3,
      "created_at": "2022-07-28T16:48:06.362Z",
      "updated_at": "2022-07-28T16:48:06.362Z"
    }
  },
  {
    "model": "createapp.convenienceroom",
    "pk": 115,
    "fields": {
      "room_id": 7,
      "convenience_id": 22,
      "created_at": "2022-07-28T16:48:06.362Z",
      "updated_at": "2022-07-28T16:48:06.362Z"
    }
  },
  {
    "model": "createapp.convenienceroom",
    "pk": 116,
    "fields": {
      "room_id": 8,
      "convenience_id": 18,
      "created_at": "2022-07-28T16:51:16.107Z",
      "updated_at": "2022-07-28T16:51:16.107Z"
    }
  },
  {
    "model": "createapp.convenienceroom",
    "pk": 117,
    "fields": {
      "room_id": 8,
      "convenience_id": 14,
      "created_at": "2022-07-28T16:51:16.107Z",
      "updated_at": "2022-07-28T16:51:16.107Z"
    }
  },
  {
    "model": "createapp.convenienceroom",
    "pk": 118,
    "fields": {
      "room_id": 8,
      "convenience_id": 4,
      "created_at": "2022-07-28T16:51:16.107Z",
      "updated_at": "2022-07-28T16:51:16.108Z"
    }
  },
  {
    "model": "createapp.convenienceroom",
    "pk": 119,
    "fields": {
      "room_id": 8,
      "convenience_id": 13,
      "created_at": "2022-07-28T16:51:16.108Z",
      "updated_at": "2022-07-28T16:51:16.108Z"
    }
  },
  {
    "model": "createapp.convenienceroom",
    "pk": 120,
    "fields": {
      "room_id": 8,
      "convenience_id": 19,
      "created_at": "2022-07-28T16:51:16.108Z",
      "updated_at": "2022-07-28T16:51:16.108Z"
    }
  },
  {
    "model": "createapp.convenienceroom",
    "pk": 121,
    "fields": {
      "room_id": 8,
      "convenience_id": 16,
      "created_at": "2022-07-28T16:51:16.108Z",
      "updated_at": "2022-07-28T16:51:16.108Z"
    }
  },
  {
    "model": "createapp.convenienceroom",
    "pk": 122,
    "fields": {
      "room_id": 8,
      "convenience_id": 21,
      "created_at": "2022-07-28T16:51:16.108Z",
      "updated_at": "2022-07-28T16:51:16.108Z"
    }
  },
  {
    "model": "createapp.convenienceroom",
    "pk": 123,
    "fields": {
      "room_id": 8,
      "convenience_id": 2,
      "created_at": "2022-07-28T16:51:16.108Z",
      "updated_at": "2022-07-28T16:51:16.108Z"
    }
  },
  {
    "model": "createapp.convenienceroom",
    "pk": 124,
    "fields": {
      "room_id": 8,
      "convenience_id": 10,
      "created_at": "2022-07-28T16:51:16.108Z",
      "updated_at": "2022-07-28T16:51:16.108Z"
    }
  },
  {
    "model": "createapp.convenienceroom",
    "pk": 125,
    "fields": {
      "room_id": 8,
      "convenience_id": 6,
      "created_at": "2022-07-28T16:51:16.108Z",
      "updated_at": "2022-07-28T16:51:16.108Z"
    }
  },
  {
    "model": "createapp.convenienceroom",
    "pk": 126,
    "fields": {
      "room_id": 8,
      "convenience_id": 20,
      "created_at": "2022-07-28T16:51:16.108Z",
      "updated_at": "2022-07-28T16:51:16.109Z"
    }
  },
  {
    "model": "createapp.convenienceroom",
    "pk": 127,
    "fields": {
      "room_id": 8,
      "convenience_id": 1,
      "created_at": "2022-07-28T16:51:16.109Z",
      "updated_at": "2022-07-28T16:51:16.109Z"
    }
  },
  {
    "model": "createapp.convenienceroom",
    "pk": 128,
    "fields": {
      "room_id": 8,
      "convenience_id": 3,
      "created_at": "2022-07-28T16:51:16.109Z",
      "updated_at": "2022-07-28T16:51:16.109Z"
    }
  },
  {
    "model": "createapp.convenienceroom",
    "pk": 129,
    "fields": {
      "room_id": 8,
      "convenience_id": 5,
      "created_at": "2022-07-28T16:51:16.109Z",
      "updated_at": "2022-07-28T16:51:16.109Z"
    }
  },
  {
    "model": "createapp.convenienceroom",
    "pk": 130,
    "fields": {
      "room_id": 9,
      "convenience_id": 8,
      "created_at": "2022-07-28T16:56:29.504Z",
      "updated_at": "2022-07-28T16:56:29.504Z"
    }
  },
  {
    "model": "createapp.convenienceroom",
    "pk": 131,
    "fields": {
      "room_id": 9,
      "convenience_id": 15,
      "created_at": "2022-07-28T16:56:29.504Z",
      "updated_at": "2022-07-28T16:56:29.504Z"
    }
  },
  {
    "model": "createapp.convenienceroom",
    "pk": 132,
    "fields": {
      "room_id": 9,
      "convenience_id": 3,
      "created_at": "2022-07-28T16:56:29.504Z",
      "updated_at": "2022-07-28T16:56:29.505Z"
    }
  },
  {
    "model": "createapp.convenienceroom",
    "pk": 133,
    "fields": {
      "room_id": 9,
      "convenience_id": 13,
      "created_at": "2022-07-28T16:56:29.505Z",
      "updated_at": "2022-07-28T16:56:29.505Z"
    }
  },
  {
    "model": "createapp.convenienceroom",
    "pk": 134,
    "fields": {
      "room_id": 9,
      "convenience_id": 2,
      "created_at": "2022-07-28T16:56:29.505Z",
      "updated_at": "2022-07-28T16:56:29.505Z"
    }
  },
  {
    "model": "createapp.convenienceroom",
    "pk": 135,
    "fields": {
      "room_id": 9,
      "convenience_id": 17,
      "created_at": "2022-07-28T16:56:29.505Z",
      "updated_at": "2022-07-28T16:56:29.505Z"
    }
  },
  {
    "model": "createapp.convenienceroom",
    "pk": 136,
    "fields": {
      "room_id": 9,
      "convenience_id": 9,
      "created_at": "2022-07-28T16:56:29.505Z",
      "updated_at": "2022-07-28T16:56:29.505Z"
    }
  },
  {
    "model": "createapp.convenienceroom",
    "pk": 137,
    "fields": {
      "room_id": 9,
      "convenience_id": 4,
      "created_at": "2022-07-28T16:56:29.505Z",
      "updated_at": "2022-07-28T16:56:29.505Z"
    }
  },
  {
    "model": "createapp.convenienceroom",
    "pk": 138,
    "fields": {
      "room_id": 9,
      "convenience_id": 7,
      "created_at": "2022-07-28T16:56:29.505Z",
      "updated_at": "2022-07-28T16:56:29.505Z"
    }
  },
  {
    "model": "createapp.convenienceroom",
    "pk": 139,
    "fields": {
      "room_id": 9,
      "convenience_id": 19,
      "created_at": "2022-07-28T16:56:29.505Z",
      "updated_at": "2022-07-28T16:56:29.505Z"
    }
  },
  {
    "model": "createapp.convenienceroom",
    "pk": 140,
    "fields": {
      "room_id": 9,
      "convenience_id": 12,
      "created_at": "2022-07-28T16:56:29.505Z",
      "updated_at": "2022-07-28T16:56:29.506Z"
    }
  },
  {
    "model": "createapp.convenienceroom",
    "pk": 141,
    "fields": {
      "room_id": 9,
      "convenience_id": 21,
      "created_at": "2022-07-28T16:56:29.506Z",
      "updated_at": "2022-07-28T16:56:29.506Z"
    }
  },
  {
    "model": "createapp.convenienceroom",
    "pk": 142,
    "fields": {
      "room_id": 9,
      "convenience_id": 10,
      "created_at": "2022-07-28T16:56:29.507Z",
      "updated_at": "2022-07-28T16:56:29.507Z"
    }
  },
  {
    "model": "createapp.convenienceroom",
    "pk": 143,
    "fields": {
      "room_id": 9,
      "convenience_id": 20,
      "created_at": "2022-07-28T16:56:29.507Z",
      "updated_at": "2022-07-28T16:56:29.507Z"
    }
  },
  {
    "model": "createapp.convenienceroom",
    "pk": 144,
    "fields": {
      "room_id": 9,
      "convenience_id": 1,
      "created_at": "2022-07-28T16:56:29.507Z",
      "updated_at": "2022-07-28T16:56:29.507Z"
    }
  },
  {
    "model": "createapp.convenienceroom",
    "pk": 145,
    "fields": {
      "room_id": 9,
      "convenience_id": 23,
      "created_at": "2022-07-28T16:56:29.508Z",
      "updated_at": "2022-07-28T16:56:29.508Z"
    }
  },
  {
    "model": "createapp.convenienceroom",
    "pk": 146,
    "fields": {
      "room_id": 9,
      "convenience_id": 5,
      "created_at": "2022-07-28T16:56:29.508Z",
      "updated_at": "2022-07-28T16:56:29.508Z"
    }
  },
  {
    "model": "createapp.convenienceroom",
    "pk": 147,
    "fields": {
      "room_id": 9,
      "convenience_id": 22,
      "created_at": "2022-07-28T16:56:29.508Z",
      "updated_at": "2022-07-28T16:56:29.508Z"
    }
  },
  {
    "model": "createapp.convenienceroom",
    "pk": 148,
    "fields": {
      "room_id": 9,
      "convenience_id": 18,
      "created_at": "2022-07-28T16:56:29.508Z",
      "updated_at": "2022-07-28T16:56:29.508Z"
    }
  },
  {
    "model": "createapp.convenienceroom",
    "pk": 149,
    "fields": {
      "room_id": 9,
      "convenience_id": 14,
      "created_at": "2022-07-28T16:56:29.509Z",
      "updated_at": "2022-07-28T16:56:29.509Z"
    }
  },
  {
    "model": "createapp.convenienceroom",
    "pk": 150,
    "fields": {
      "room_id": 9,
      "convenience_id": 16,
      "created_at": "2022-07-28T16:56:29.509Z",
      "updated_at": "2022-07-28T16:56:29.509Z"
    }
  },
  {
    "model": "createapp.convenienceroom",
    "pk": 151,
    "fields": {
      "room_id": 9,
      "convenience_id": 6,
      "created_at": "2022-07-28T16:56:29.509Z",
      "updated_at": "2022-07-28T16:56:29.509Z"
    }
  },
  {
    "model": "createapp.convenienceroom",
    "pk": 152,
    "fields": {
      "room_id": 10,
      "convenience_id": 14,
      "created_at": "2022-07-28T16:59:46.313Z",
      "updated_at": "2022-07-28T16:59:46.313Z"
    }
  },
  {
    "model": "createapp.convenienceroom",
    "pk": 153,
    "fields": {
      "room_id": 10,
      "convenience_id": 4,
      "created_at": "2022-07-28T16:59:46.314Z",
      "updated_at": "2022-07-28T16:59:46.314Z"
    }
  },
  {
    "model": "createapp.convenienceroom",
    "pk": 154,
    "fields": {
      "room_id": 10,
      "convenience_id": 13,
      "created_at": "2022-07-28T16:59:46.314Z",
      "updated_at": "2022-07-28T16:59:46.314Z"
    }
  },
  {
    "model": "createapp.convenienceroom",
    "pk": 155,
    "fields": {
      "room_id": 10,
      "convenience_id": 19,
      "created_at": "2022-07-28T16:59:46.314Z",
      "updated_at": "2022-07-28T16:59:46.314Z"
    }
  },
  {
    "model": "createapp.convenienceroom",
    "pk": 156,
    "fields": {
      "room_id": 10,
      "convenience_id": 16,
      "created_at": "2022-07-28T16:59:46.314Z",
      "updated_at": "2022-07-28T16:59:46.315Z"
    }
  },
  {
    "model": "createapp.convenienceroom",
    "pk": 157,
    "fields": {
      "room_id": 10,
      "convenience_id": 12,
      "created_at": "2022-07-28T16:59:46.315Z",
      "updated_at": "2022-07-28T16:59:46.315Z"
    }
  },
  {
    "model": "createapp.convenienceroom",
    "pk": 158,
    "fields": {
      "room_id": 10,
      "convenience_id": 2,
      "created_at": "2022-07-28T16:59:46.315Z",
      "updated_at": "2022-07-28T16:59:46.315Z"
    }
  },
  {
    "model": "createapp.convenienceroom",
    "pk": 159,
    "fields": {
      "room_id": 10,
      "convenience_id": 21,
      "created_at": "2022-07-28T16:59:46.315Z",
      "updated_at": "2022-07-28T16:59:46.315Z"
    }
  },
  {
    "model": "createapp.convenienceroom",
    "pk": 160,
    "fields": {
      "room_id": 10,
      "convenience_id": 10,
      "created_at": "2022-07-28T16:59:46.315Z",
      "updated_at": "2022-07-28T16:59:46.316Z"
    }
  },
  {
    "model": "createapp.convenienceroom",
    "pk": 161,
    "fields": {
      "room_id": 10,
      "convenience_id": 6,
      "created_at": "2022-07-28T16:59:46.316Z",
      "updated_at": "2022-07-28T16:59:46.316Z"
    }
  },
  {
    "model": "createapp.convenienceroom",
    "pk": 162,
    "fields": {
      "room_id": 10,
      "convenience_id": 20,
      "created_at": "2022-07-28T16:59:46.316Z",
      "updated_at": "2022-07-28T16:59:46.316Z"
    }
  },
  {
    "model": "createapp.convenienceroom",
    "pk": 163,
    "fields": {
      "room_id": 10,
      "convenience_id": 1,
      "created_at": "2022-07-28T16:59:46.316Z",
      "updated_at": "2022-07-28T16:59:46.316Z"
    }
  },
  {
    "model": "createapp.convenienceroom",
    "pk": 164,
    "fields": {
      "room_id": 10,
      "convenience_id": 3,
      "created_at": "2022-07-28T16:59:46.317Z",
      "updated_at": "2022-07-28T16:59:46.317Z"
    }
  },
  {
    "model": "createapp.convenienceroom",
    "pk": 165,
    "fields": {
      "room_id": 11,
      "convenience_id": 22,
      "created_at": "2022-07-28T17:01:58.941Z",
      "updated_at": "2022-07-28T17:01:58.941Z"
    }
  },
  {
    "model": "createapp.convenienceroom",
    "pk": 166,
    "fields": {
      "room_id": 11,
      "convenience_id": 14,
      "created_at": "2022-07-28T17:01:58.941Z",
      "updated_at": "2022-07-28T17:01:58.941Z"
    }
  },
  {
    "model": "createapp.convenienceroom",
    "pk": 167,
    "fields": {
      "room_id": 11,
      "convenience_id": 4,
      "created_at": "2022-07-28T17:01:58.942Z",
      "updated_at": "2022-07-28T17:01:58.942Z"
    }
  },
  {
    "model": "createapp.convenienceroom",
    "pk": 168,
    "fields": {
      "room_id": 11,
      "convenience_id": 7,
      "created_at": "2022-07-28T17:01:58.942Z",
      "updated_at": "2022-07-28T17:01:58.942Z"
    }
  },
  {
    "model": "createapp.convenienceroom",
    "pk": 169,
    "fields": {
      "room_id": 11,
      "convenience_id": 8,
      "created_at": "2022-07-28T17:01:58.942Z",
      "updated_at": "2022-07-28T17:01:58.942Z"
    }
  },
  {
    "model": "createapp.convenienceroom",
    "pk": 170,
    "fields": {
      "room_id": 11,
      "convenience_id": 19,
      "created_at": "2022-07-28T17:01:58.943Z",
      "updated_at": "2022-07-28T17:01:58.943Z"
    }
  },
  {
    "model": "createapp.convenienceroom",
    "pk": 171,
    "fields": {
      "room_id": 11,
      "convenience_id": 2,
      "created_at": "2022-07-28T17:01:58.943Z",
      "updated_at": "2022-07-28T17:01:58.943Z"
    }
  },
  {
    "model": "createapp.convenienceroom",
    "pk": 172,
    "fields": {
      "room_id": 11,
      "convenience_id": 6,
      "created_at": "2022-07-28T17:01:58.943Z",
      "updated_at": "2022-07-28T17:01:58.943Z"
    }
  },
  {
    "model": "createapp.convenienceroom",
    "pk": 173,
    "fields": {
      "room_id": 11,
      "convenience_id": 20,
      "created_at": "2022-07-28T17:01:58.944Z",
      "updated_at": "2022-07-28T17:01:58.944Z"
    }
  },
  {
    "model": "createapp.convenienceroom",
    "pk": 174,
    "fields": {
      "room_id": 11,
      "convenience_id": 1,
      "created_at": "2022-07-28T17:01:58.944Z",
      "updated_at": "2022-07-28T17:01:58.944Z"
    }
  },
  {
    "model": "createapp.convenienceroom",
    "pk": 175,
    "fields": {
      "room_id": 11,
      "convenience_id": 9,
      "created_at": "2022-07-28T17:01:58.944Z",
      "updated_at": "2022-07-28T17:01:58.944Z"
    }
  },
  {
    "model": "createapp.convenienceroom",
    "pk": 176,
    "fields": {
      "room_id": 12,
      "convenience_id": 8,
      "created_at": "2022-07-28T17:04:14.129Z",
      "updated_at": "2022-07-28T17:04:14.129Z"
    }
  },
  {
    "model": "createapp.convenienceroom",
    "pk": 177,
    "fields": {
      "room_id": 12,
      "convenience_id": 15,
      "created_at": "2022-07-28T17:04:14.129Z",
      "updated_at": "2022-07-28T17:04:14.129Z"
    }
  },
  {
    "model": "createapp.convenienceroom",
    "pk": 178,
    "fields": {
      "room_id": 12,
      "convenience_id": 3,
      "created_at": "2022-07-28T17:04:14.129Z",
      "updated_at": "2022-07-28T17:04:14.129Z"
    }
  },
  {
    "model": "createapp.convenienceroom",
    "pk": 179,
    "fields": {
      "room_id": 12,
      "convenience_id": 13,
      "created_at": "2022-07-28T17:04:14.129Z",
      "updated_at": "2022-07-28T17:04:14.129Z"
    }
  },
  {
    "model": "createapp.convenienceroom",
    "pk": 180,
    "fields": {
      "room_id": 12,
      "convenience_id": 2,
      "created_at": "2022-07-28T17:04:14.129Z",
      "updated_at": "2022-07-28T17:04:14.129Z"
    }
  },
  {
    "model": "createapp.convenienceroom",
    "pk": 181,
    "fields": {
      "room_id": 12,
      "convenience_id": 11,
      "created_at": "2022-07-28T17:04:14.129Z",
      "updated_at": "2022-07-28T17:04:14.130Z"
    }
  },
  {
    "model": "createapp.convenienceroom",
    "pk": 182,
    "fields": {
      "room_id": 12,
      "convenience_id": 17,
      "created_at": "2022-07-28T17:04:14.130Z",
      "updated_at": "2022-07-28T17:04:14.130Z"
    }
  },
  {
    "model": "createapp.convenienceroom",
    "pk": 183,
    "fields": {
      "room_id": 12,
      "convenience_id": 9,
      "created_at": "2022-07-28T17:04:14.130Z",
      "updated_at": "2022-07-28T17:04:14.130Z"
    }
  },
  {
    "model": "createapp.convenienceroom",
    "pk": 184,
    "fields": {
      "room_id": 12,
      "convenience_id": 4,
      "created_at": "2022-07-28T17:04:14.130Z",
      "updated_at": "2022-07-28T17:04:14.130Z"
    }
  },
  {
    "model": "createapp.convenienceroom",
    "pk": 185,
    "fields": {
      "room_id": 12,
      "convenience_id": 7,
      "created_at": "2022-07-28T17:04:14.130Z",
      "updated_at": "2022-07-28T17:04:14.130Z"
    }
  },
  {
    "model": "createapp.convenienceroom",
    "pk": 186,
    "fields": {
      "room_id": 12,
      "convenience_id": 19,
      "created_at": "2022-07-28T17:04:14.130Z",
      "updated_at": "2022-07-28T17:04:14.130Z"
    }
  },
  {
    "model": "createapp.convenienceroom",
    "pk": 187,
    "fields": {
      "room_id": 12,
      "convenience_id": 12,
      "created_at": "2022-07-28T17:04:14.130Z",
      "updated_at": "2022-07-28T17:04:14.130Z"
    }
  },
  {
    "model": "createapp.convenienceroom",
    "pk": 188,
    "fields": {
      "room_id": 12,
      "convenience_id": 21,
      "created_at": "2022-07-28T17:04:14.130Z",
      "updated_at": "2022-07-28T17:04:14.130Z"
    }
  },
  {
    "model": "createapp.convenienceroom",
    "pk": 189,
    "fields": {
      "room_id": 12,
      "convenience_id": 10,
      "created_at": "2022-07-28T17:04:14.130Z",
      "updated_at": "2022-07-28T17:04:14.131Z"
    }
  },
  {
    "model": "createapp.convenienceroom",
    "pk": 190,
    "fields": {
      "room_id": 12,
      "convenience_id": 20,
      "created_at": "2022-07-28T17:04:14.131Z",
      "updated_at": "2022-07-28T17:04:14.131Z"
    }
  },
  {
    "model": "createapp.convenienceroom",
    "pk": 191,
    "fields": {
      "room_id": 12,
      "convenience_id": 1,
      "created_at": "2022-07-28T17:04:14.131Z",
      "updated_at": "2022-07-28T17:04:14.131Z"
    }
  },
  {
    "model": "createapp.convenienceroom",
    "pk": 192,
    "fields": {
      "room_id": 12,
      "convenience_id": 23,
      "created_at": "2022-07-28T17:04:14.131Z",
      "updated_at": "2022-07-28T17:04:14.131Z"
    }
  },
  {
    "model": "createapp.convenienceroom",
    "pk": 193,
    "fields": {
      "room_id": 12,
      "convenience_id": 5,
      "created_at": "2022-07-28T17:04:14.131Z",
      "updated_at": "2022-07-28T17:04:14.131Z"
    }
  },
  {
    "model": "createapp.convenienceroom",
    "pk": 194,
    "fields": {
      "room_id": 12,
      "convenience_id": 22,
      "created_at": "2022-07-28T17:04:14.131Z",
      "updated_at": "2022-07-28T17:04:14.131Z"
    }
  },
  {
    "model": "createapp.convenienceroom",
    "pk": 195,
    "fields": {
      "room_id": 12,
      "convenience_id": 18,
      "created_at": "2022-07-28T17:04:14.131Z",
      "updated_at": "2022-07-28T17:04:14.131Z"
    }
  },
  {
    "model": "createapp.convenienceroom",
    "pk": 196,
    "fields": {
      "room_id": 12,
      "convenience_id": 14,
      "created_at": "2022-07-28T17:04:14.131Z",
      "updated_at": "2022-07-28T17:04:14.131Z"
    }
  },
  {
    "model": "createapp.convenienceroom",
    "pk": 197,
    "fields": {
      "room_id": 12,
      "convenience_id": 16,
      "created_at": "2022-07-28T17:04:14.131Z",
      "updated_at": "2022-07-28T17:04:14.132Z"
    }
  },
  {
    "model": "createapp.convenienceroom",
    "pk": 198,
    "fields": {
      "room_id": 12,
      "convenience_id": 6,
      "created_at": "2022-07-28T17:04:14.132Z",
      "updated_at": "2022-07-28T17:04:14.132Z"
    }
  },
  {
    "model": "createapp.convenienceroom",
    "pk": 199,
    "fields": {
      "room_id": 13,
      "convenience_id": 8,
      "created_at": "2022-07-28T17:06:32.580Z",
      "updated_at": "2022-07-28T17:06:32.580Z"
    }
  },
  {
    "model": "createapp.convenienceroom",
    "pk": 200,
    "fields": {
      "room_id": 13,
      "convenience_id": 15,
      "created_at": "2022-07-28T17:06:32.580Z",
      "updated_at": "2022-07-28T17:06:32.580Z"
    }
  },
  {
    "model": "createapp.convenienceroom",
    "pk": 201,
    "fields": {
      "room_id": 13,
      "convenience_id": 3,
      "created_at": "2022-07-28T17:06:32.580Z",
      "updated_at": "2022-07-28T17:06:32.580Z"
    }
  },
  {
    "model": "createapp.convenienceroom",
    "pk": 202,
    "fields": {
      "room_id": 13,
      "convenience_id": 13,
      "created_at": "2022-07-28T17:06:32.580Z",
      "updated_at": "2022-07-28T17:06:32.580Z"
    }
  },
  {
    "model": "createapp.convenienceroom",
    "pk": 203,
    "fields": {
      "room_id": 13,
      "convenience_id": 2,
      "created_at": "2022-07-28T17:06:32.580Z",
      "updated_at": "2022-07-28T17:06:32.580Z"
    }
  },
  {
    "model": "createapp.convenienceroom",
    "pk": 204,
    "fields": {
      "room_id": 13,
      "convenience_id": 17,
      "created_at": "2022-07-28T17:06:32.580Z",
      "updated_at": "2022-07-28T17:06:32.580Z"
    }
  },
  {
    "model": "createapp.convenienceroom",
    "pk": 205,
    "fields": {
      "room_id": 13,
      "convenience_id": 9,
      "created_at": "2022-07-28T17:06:32.580Z",
      "updated_at": "2022-07-28T17:06:32.581Z"
    }
  },
  {
    "model": "createapp.convenienceroom",
    "pk": 206,
    "fields": {
      "room_id": 13,
      "convenience_id": 4,
      "created_at": "2022-07-28T17:06:32.581Z",
      "updated_at": "2022-07-28T17:06:32.581Z"
    }
  },
  {
    "model": "createapp.convenienceroom",
    "pk": 207,
    "fields": {
      "room_id": 13,
      "convenience_id": 19,
      "created_at": "2022-07-28T17:06:32.581Z",
      "updated_at": "2022-07-28T17:06:32.581Z"
    }
  },
  {
    "model": "createapp.convenienceroom",
    "pk": 208,
    "fields": {
      "room_id": 13,
      "convenience_id": 12,
      "created_at": "2022-07-28T17:06:32.581Z",
      "updated_at": "2022-07-28T17:06:32.581Z"
    }
  },
  {
    "model": "createapp.convenienceroom",
    "pk": 209,
    "fields": {
      "room_id": 13,
      "convenience_id": 21,
      "created_at": "2022-07-28T17:06:32.581Z",
      "updated_at": "2022-07-28T17:06:32.581Z"
    }
  },
  {
    "model": "createapp.convenienceroom",
    "pk": 210,
    "fields": {
      "room_id": 13,
      "convenience_id": 10,
      "created_at": "2022-07-28T17:06:32.581Z",
      "updated_at": "2022-07-28T17:06:32.581Z"
    }
  },
  {
    "model": "createapp.convenienceroom",
    "pk": 211,
    "fields": {
      "room_id": 13,
      "convenience_id": 20,
      "created_at": "2022-07-28T17:06:32.581Z",
      "updated_at": "2022-07-28T17:06:32.581Z"
    }
  },
  {
    "model": "createapp.convenienceroom",
    "pk": 212,
    "fields": {
      "room_id": 13,
      "convenience_id": 1,
      "created_at": "2022-07-28T17:06:32.581Z",
      "updated_at": "2022-07-28T17:06:32.581Z"
    }
  },
  {
    "model": "createapp.convenienceroom",
    "pk": 213,
    "fields": {
      "room_id": 13,
      "convenience_id": 23,
      "created_at": "2022-07-28T17:06:32.581Z",
      "updated_at": "2022-07-28T17:06:32.581Z"
    }
  },
  {
    "model": "createapp.convenienceroom",
    "pk": 214,
    "fields": {
      "room_id": 13,
      "convenience_id": 5,
      "created_at": "2022-07-28T17:06:32.582Z",
      "updated_at": "2022-07-28T17:06:32.582Z"
    }
  },
  {
    "model": "createapp.convenienceroom",
    "pk": 215,
    "fields": {
      "room_id": 13,
      "convenience_id": 22,
      "created_at": "2022-07-28T17:06:32.582Z",
      "updated_at": "2022-07-28T17:06:32.582Z"
    }
  },
  {
    "model": "createapp.convenienceroom",
    "pk": 216,
    "fields": {
      "room_id": 13,
      "convenience_id": 18,
      "created_at": "2022-07-28T17:06:32.582Z",
      "updated_at": "2022-07-28T17:06:32.582Z"
    }
  },
  {
    "model": "createapp.convenienceroom",
    "pk": 217,
    "fields": {
      "room_id": 13,
      "convenience_id": 14,
      "created_at": "2022-07-28T17:06:32.582Z",
      "updated_at": "2022-07-28T17:06:32.582Z"
    }
  },
  {
    "model": "createapp.convenienceroom",
    "pk": 218,
    "fields": {
      "room_id": 13,
      "convenience_id": 16,
      "created_at": "2022-07-28T17:06:32.582Z",
      "updated_at": "2022-07-28T17:06:32.582Z"
    }
  },
  {
    "model": "createapp.convenienceroom",
    "pk": 219,
    "fields": {
      "room_id": 13,
      "convenience_id": 6,
      "created_at": "2022-07-28T17:06:32.582Z",
      "updated_at": "2022-07-28T17:06:32.582Z"
    }
  },
  {
    "model": "createapp.convenienceroom",
    "pk": 220,
    "fields": {
      "room_id": 14,
      "convenience_id": 18,
      "created_at": "2022-07-28T17:09:14.751Z",
      "updated_at": "2022-07-28T17:09:14.751Z"
    }
  },
  {
    "model": "createapp.convenienceroom",
    "pk": 221,
    "fields": {
      "room_id": 14,
      "convenience_id": 14,
      "created_at": "2022-07-28T17:09:14.751Z",
      "updated_at": "2022-07-28T17:09:14.751Z"
    }
  },
  {
    "model": "createapp.convenienceroom",
    "pk": 222,
    "fields": {
      "room_id": 14,
      "convenience_id": 16,
      "created_at": "2022-07-28T17:09:14.752Z",
      "updated_at": "2022-07-28T17:09:14.752Z"
    }
  },
  {
    "model": "createapp.convenienceroom",
    "pk": 223,
    "fields": {
      "room_id": 14,
      "convenience_id": 13,
      "created_at": "2022-07-28T17:09:14.752Z",
      "updated_at": "2022-07-28T17:09:14.752Z"
    }
  },
  {
    "model": "createapp.convenienceroom",
    "pk": 224,
    "fields": {
      "room_id": 14,
      "convenience_id": 19,
      "created_at": "2022-07-28T17:09:14.752Z",
      "updated_at": "2022-07-28T17:09:14.752Z"
    }
  },
  {
    "model": "createapp.convenienceroom",
    "pk": 225,
    "fields": {
      "room_id": 14,
      "convenience_id": 8,
      "created_at": "2022-07-28T17:09:14.752Z",
      "updated_at": "2022-07-28T17:09:14.752Z"
    }
  },
  {
    "model": "createapp.convenienceroom",
    "pk": 226,
    "fields": {
      "room_id": 14,
      "convenience_id": 7,
      "created_at": "2022-07-28T17:09:14.752Z",
      "updated_at": "2022-07-28T17:09:14.752Z"
    }
  },
  {
    "model": "createapp.convenienceroom",
    "pk": 227,
    "fields": {
      "room_id": 14,
      "convenience_id": 12,
      "created_at": "2022-07-28T17:09:14.752Z",
      "updated_at": "2022-07-28T17:09:14.752Z"
    }
  },
  {
    "model": "createapp.convenienceroom",
    "pk": 228,
    "fields": {
      "room_id": 14,
      "convenience_id": 2,
      "created_at": "2022-07-28T17:09:14.752Z",
      "updated_at": "2022-07-28T17:09:14.752Z"
    }
  },
  {
    "model": "createapp.convenienceroom",
    "pk": 229,
    "fields": {
      "room_id": 14,
      "convenience_id": 21,
      "created_at": "2022-07-28T17:09:14.752Z",
      "updated_at": "2022-07-28T17:09:14.753Z"
    }
  },
  {
    "model": "createapp.convenienceroom",
    "pk": 230,
    "fields": {
      "room_id": 14,
      "convenience_id": 10,
      "created_at": "2022-07-28T17:09:14.753Z",
      "updated_at": "2022-07-28T17:09:14.753Z"
    }
  },
  {
    "model": "createapp.convenienceroom",
    "pk": 231,
    "fields": {
      "room_id": 14,
      "convenience_id": 6,
      "created_at": "2022-07-28T17:09:14.753Z",
      "updated_at": "2022-07-28T17:09:14.753Z"
    }
  },
  {
    "model": "createapp.convenienceroom",
    "pk": 232,
    "fields": {
      "room_id": 14,
      "convenience_id": 20,
      "created_at": "2022-07-28T17:09:14.753Z",
      "updated_at": "2022-07-28T17:09:14.753Z"
    }
  },
  {
    "model": "createapp.convenienceroom",
    "pk": 233,
    "fields": {
      "room_id": 14,
      "convenience_id": 1,
      "created_at": "2022-07-28T17:09:14.753Z",
      "updated_at": "2022-07-28T17:09:14.753Z"
    }
  },
  {
    "model": "createapp.convenienceroom",
    "pk": 234,
    "fields": {
      "room_id": 14,
      "convenience_id": 3,
      "created_at": "2022-07-28T17:09:14.753Z",
      "updated_at": "2022-07-28T17:09:14.753Z"
    }
  },
  {
    "model": "createapp.convenienceroom",
    "pk": 235,
    "fields": {
      "room_id": 14,
      "convenience_id": 17,
      "created_at": "2022-07-28T17:09:14.753Z",
      "updated_at": "2022-07-28T17:09:14.754Z"
    }
  },
  {
    "model": "createapp.convenienceroom",
    "pk": 236,
    "fields": {
      "room_id": 14,
      "convenience_id": 9,
      "created_at": "2022-07-28T17:09:14.754Z",
      "updated_at": "2022-07-28T17:09:14.754Z"
    }
  },
  {
    "model": "createapp.convenienceroom",
    "pk": 237,
    "fields": {
      "room_id": 15,
      "convenience_id": 8,
      "created_at": "2022-07-28T17:11:25.301Z",
      "updated_at": "2022-07-28T17:11:25.301Z"
    }
  },
  {
    "model": "createapp.convenienceroom",
    "pk": 238,
    "fields": {
      "room_id": 15,
      "convenience_id": 15,
      "created_at": "2022-07-28T17:11:25.301Z",
      "updated_at": "2022-07-28T17:11:25.302Z"
    }
  },
  {
    "model": "createapp.convenienceroom",
    "pk": 239,
    "fields": {
      "room_id": 15,
      "convenience_id": 3,
      "created_at": "2022-07-28T17:11:25.302Z",
      "updated_at": "2022-07-28T17:11:25.302Z"
    }
  },
  {
    "model": "createapp.convenienceroom",
    "pk": 240,
    "fields": {
      "room_id": 15,
      "convenience_id": 13,
      "created_at": "2022-07-28T17:11:25.302Z",
      "updated_at": "2022-07-28T17:11:25.302Z"
    }
  },
  {
    "model": "createapp.convenienceroom",
    "pk": 241,
    "fields": {
      "room_id": 15,
      "convenience_id": 2,
      "created_at": "2022-07-28T17:11:25.302Z",
      "updated_at": "2022-07-28T17:11:25.302Z"
    }
  },
  {
    "model": "createapp.convenienceroom",
    "pk": 242,
    "fields": {
      "room_id": 15,
      "convenience_id": 17,
      "created_at": "2022-07-28T17:11:25.302Z",
      "updated_at": "2022-07-28T17:11:25.302Z"
    }
  },
  {
    "model": "createapp.convenienceroom",
    "pk": 243,
    "fields": {
      "room_id": 15,
      "convenience_id": 9,
      "created_at": "2022-07-28T17:11:25.302Z",
      "updated_at": "2022-07-28T17:11:25.302Z"
    }
  },
  {
    "model": "createapp.convenienceroom",
    "pk": 244,
    "fields": {
      "room_id": 15,
      "convenience_id": 4,
      "created_at": "2022-07-28T17:11:25.302Z",
      "updated_at": "2022-07-28T17:11:25.302Z"
    }
  },
  {
    "model": "createapp.convenienceroom",
    "pk": 245,
    "fields": {
      "room_id": 15,
      "convenience_id": 7,
      "created_at": "2022-07-28T17:11:25.302Z",
      "updated_at": "2022-07-28T17:11:25.302Z"
    }
  },
  {
    "model": "createapp.convenienceroom",
    "pk": 246,
    "fields": {
      "room_id": 15,
      "convenience_id": 19,
      "created_at": "2022-07-28T17:11:25.302Z",
      "updated_at": "2022-07-28T17:11:25.303Z"
    }
  },
  {
    "model": "createapp.convenienceroom",
    "pk": 247,
    "fields": {
      "room_id": 15,
      "convenience_id": 21,
      "created_at": "2022-07-28T17:11:25.303Z",
      "updated_at": "2022-07-28T17:11:25.303Z"
    }
  },
  {
    "model": "createapp.convenienceroom",
    "pk": 248,
    "fields": {
      "room_id": 15,
      "convenience_id": 12,
      "created_at": "2022-07-28T17:11:25.303Z",
      "updated_at": "2022-07-28T17:11:25.303Z"
    }
  },
  {
    "model": "createapp.convenienceroom",
    "pk": 249,
    "fields": {
      "room_id": 15,
      "convenience_id": 10,
      "created_at": "2022-07-28T17:11:25.303Z",
      "updated_at": "2022-07-28T17:11:25.303Z"
    }
  },
  {
    "model": "createapp.convenienceroom",
    "pk": 250,
    "fields": {
      "room_id": 15,
      "convenience_id": 20,
      "created_at": "2022-07-28T17:11:25.303Z",
      "updated_at": "2022-07-28T17:11:25.303Z"
    }
  },
  {
    "model": "createapp.convenienceroom",
    "pk": 251,
    "fields": {
      "room_id": 15,
      "convenience_id": 1,
      "created_at": "2022-07-28T17:11:25.303Z",
      "updated_at": "2022-07-28T17:11:25.303Z"
    }
  },
  {
    "model": "createapp.convenienceroom",
    "pk": 252,
    "fields": {
      "room_id": 15,
      "convenience_id": 5,
      "created_at": "2022-07-28T17:11:25.303Z",
      "updated_at": "2022-07-28T17:11:25.303Z"
    }
  },
  {
    "model": "createapp.convenienceroom",
    "pk": 253,
    "fields": {
      "room_id": 15,
      "convenience_id": 18,
      "created_at": "2022-07-28T17:11:25.303Z",
      "updated_at": "2022-07-28T17:11:25.303Z"
    }
  },
  {
    "model": "createapp.convenienceroom",
    "pk": 254,
    "fields": {
      "room_id": 15,
      "convenience_id": 14,
      "created_at": "2022-07-28T17:11:25.303Z",
      "updated_at": "2022-07-28T17:11:25.304Z"
    }
  },
  {
    "model": "createapp.convenienceroom",
    "pk": 255,
    "fields": {
      "room_id": 15,
      "convenience_id": 16,
      "created_at": "2022-07-28T17:11:25.304Z",
      "updated_at": "2022-07-28T17:11:25.304Z"
    }
  },
  {
    "model": "createapp.convenienceroom",
    "pk": 256,
    "fields": {
      "room_id": 15,
      "convenience_id": 6,
      "created_at": "2022-07-28T17:11:25.304Z",
      "updated_at": "2022-07-28T17:11:25.304Z"
    }
  },
  {
    "model": "createapp.convenienceroom",
    "pk": 257,
    "fields": {
      "room_id": 16,
      "convenience_id": 15,
      "created_at": "2022-07-28T17:13:40.934Z",
      "updated_at": "2022-07-28T17:13:40.934Z"
    }
  },
  {
    "model": "createapp.convenienceroom",
    "pk": 258,
    "fields": {
      "room_id": 16,
      "convenience_id": 3,
      "created_at": "2022-07-28T17:13:40.934Z",
      "updated_at": "2022-07-28T17:13:40.934Z"
    }
  },
  {
    "model": "createapp.convenienceroom",
    "pk": 259,
    "fields": {
      "room_id": 16,
      "convenience_id": 13,
      "created_at": "2022-07-28T17:13:40.934Z",
      "updated_at": "2022-07-28T17:13:40.934Z"
    }
  },
  {
    "model": "createapp.convenienceroom",
    "pk": 260,
    "fields": {
      "room_id": 16,
      "convenience_id": 2,
      "created_at": "2022-07-28T17:13:40.935Z",
      "updated_at": "2022-07-28T17:13:40.935Z"
    }
  },
  {
    "model": "createapp.convenienceroom",
    "pk": 261,
    "fields": {
      "room_id": 16,
      "convenience_id": 17,
      "created_at": "2022-07-28T17:13:40.935Z",
      "updated_at": "2022-07-28T17:13:40.935Z"
    }
  },
  {
    "model": "createapp.convenienceroom",
    "pk": 262,
    "fields": {
      "room_id": 16,
      "convenience_id": 9,
      "created_at": "2022-07-28T17:13:40.935Z",
      "updated_at": "2022-07-28T17:13:40.935Z"
    }
  },
  {
    "model": "createapp.convenienceroom",
    "pk": 263,
    "fields": {
      "room_id": 16,
      "convenience_id": 4,
      "created_at": "2022-07-28T17:13:40.935Z",
      "updated_at": "2022-07-28T17:13:40.935Z"
    }
  },
  {
    "model": "createapp.convenienceroom",
    "pk": 264,
    "fields": {
      "room_id": 16,
      "convenience_id": 7,
      "created_at": "2022-07-28T17:13:40.935Z",
      "updated_at": "2022-07-28T17:13:40.935Z"
    }
  },
  {
    "model": "createapp.convenienceroom",
    "pk": 265,
    "fields": {
      "room_id": 16,
      "convenience_id": 19,
      "created_at": "2022-07-28T17:13:40.935Z",
      "updated_at": "2022-07-28T17:13:40.935Z"
    }
  },
  {
    "model": "createapp.convenienceroom",
    "pk": 266,
    "fields": {
      "room_id": 16,
      "convenience_id": 12,
      "created_at": "2022-07-28T17:13:40.935Z",
      "updated_at": "2022-07-28T17:13:40.935Z"
    }
  },
  {
    "model": "createapp.convenienceroom",
    "pk": 267,
    "fields": {
      "room_id": 16,
      "convenience_id": 21,
      "created_at": "2022-07-28T17:13:40.935Z",
      "updated_at": "2022-07-28T17:13:40.935Z"
    }
  },
  {
    "model": "createapp.convenienceroom",
    "pk": 268,
    "fields": {
      "room_id": 16,
      "convenience_id": 10,
      "created_at": "2022-07-28T17:13:40.935Z",
      "updated_at": "2022-07-28T17:13:40.936Z"
    }
  },
  {
    "model": "createapp.convenienceroom",
    "pk": 269,
    "fields": {
      "room_id": 16,
      "convenience_id": 20,
      "created_at": "2022-07-28T17:13:40.936Z",
      "updated_at": "2022-07-28T17:13:40.936Z"
    }
  },
  {
    "model": "createapp.convenienceroom",
    "pk": 270,
    "fields": {
      "room_id": 16,
      "convenience_id": 1,
      "created_at": "2022-07-28T17:13:40.936Z",
      "updated_at": "2022-07-28T17:13:40.936Z"
    }
  },
  {
    "model": "createapp.convenienceroom",
    "pk": 271,
    "fields": {
      "room_id": 16,
      "convenience_id": 5,
      "created_at": "2022-07-28T17:13:40.936Z",
      "updated_at": "2022-07-28T17:13:40.936Z"
    }
  },
  {
    "model": "createapp.convenienceroom",
    "pk": 272,
    "fields": {
      "room_id": 16,
      "convenience_id": 22,
      "created_at": "2022-07-28T17:13:40.936Z",
      "updated_at": "2022-07-28T17:13:40.936Z"
    }
  },
  {
    "model": "createapp.convenienceroom",
    "pk": 273,
    "fields": {
      "room_id": 16,
      "convenience_id": 18,
      "created_at": "2022-07-28T17:13:40.936Z",
      "updated_at": "2022-07-28T17:13:40.936Z"
    }
  },
  {
    "model": "createapp.convenienceroom",
    "pk": 274,
    "fields": {
      "room_id": 16,
      "convenience_id": 14,
      "created_at": "2022-07-28T17:13:40.936Z",
      "updated_at": "2022-07-28T17:13:40.936Z"
    }
  },
  {
    "model": "createapp.convenienceroom",
    "pk": 275,
    "fields": {
      "room_id": 16,
      "convenience_id": 16,
      "created_at": "2022-07-28T17:13:40.936Z",
      "updated_at": "2022-07-28T17:13:40.936Z"
    }
  },
  {
    "model": "createapp.convenienceroom",
    "pk": 276,
    "fields": {
      "room_id": 16,
      "convenience_id": 6,
      "created_at": "2022-07-28T17:13:40.937Z",
      "updated_at": "2022-07-28T17:13:40.937Z"
    }
  },
  {
    "model": "createapp.convenienceroom",
    "pk": 277,
    "fields": {
      "room_id": 17,
      "convenience_id": 8,
      "created_at": "2022-07-28T17:15:56.898Z",
      "updated_at": "2022-07-28T17:15:56.898Z"
    }
  },
  {
    "model": "createapp.convenienceroom",
    "pk": 278,
    "fields": {
      "room_id": 17,
      "convenience_id": 15,
      "created_at": "2022-07-28T17:15:56.899Z",
      "updated_at": "2022-07-28T17:15:56.899Z"
    }
  },
  {
    "model": "createapp.convenienceroom",
    "pk": 279,
    "fields": {
      "room_id": 17,
      "convenience_id": 3,
      "created_at": "2022-07-28T17:15:56.899Z",
      "updated_at": "2022-07-28T17:15:56.899Z"
    }
  },
  {
    "model": "createapp.convenienceroom",
    "pk": 280,
    "fields": {
      "room_id": 17,
      "convenience_id": 13,
      "created_at": "2022-07-28T17:15:56.899Z",
      "updated_at": "2022-07-28T17:15:56.899Z"
    }
  },
  {
    "model": "createapp.convenienceroom",
    "pk": 281,
    "fields": {
      "room_id": 17,
      "convenience_id": 2,
      "created_at": "2022-07-28T17:15:56.899Z",
      "updated_at": "2022-07-28T17:15:56.899Z"
    }
  },
  {
    "model": "createapp.convenienceroom",
    "pk": 282,
    "fields": {
      "room_id": 17,
      "convenience_id": 17,
      "created_at": "2022-07-28T17:15:56.899Z",
      "updated_at": "2022-07-28T17:15:56.899Z"
    }
  },
  {
    "model": "createapp.convenienceroom",
    "pk": 283,
    "fields": {
      "room_id": 17,
      "convenience_id": 9,
      "created_at": "2022-07-28T17:15:56.899Z",
      "updated_at": "2022-07-28T17:15:56.899Z"
    }
  },
  {
    "model": "createapp.convenienceroom",
    "pk": 284,
    "fields": {
      "room_id": 17,
      "convenience_id": 4,
      "created_at": "2022-07-28T17:15:56.899Z",
      "updated_at": "2022-07-28T17:15:56.899Z"
    }
  },
  {
    "model": "createapp.convenienceroom",
    "pk": 285,
    "fields": {
      "room_id": 17,
      "convenience_id": 19,
      "created_at": "2022-07-28T17:15:56.899Z",
      "updated_at": "2022-07-28T17:15:56.899Z"
    }
  },
  {
    "model": "createapp.convenienceroom",
    "pk": 286,
    "fields": {
      "room_id": 17,
      "convenience_id": 12,
      "created_at": "2022-07-28T17:15:56.900Z",
      "updated_at": "2022-07-28T17:15:56.901Z"
    }
  },
  {
    "model": "createapp.convenienceroom",
    "pk": 287,
    "fields": {
      "room_id": 17,
      "convenience_id": 21,
      "created_at": "2022-07-28T17:15:56.901Z",
      "updated_at": "2022-07-28T17:15:56.901Z"
    }
  },
  {
    "model": "createapp.convenienceroom",
    "pk": 288,
    "fields": {
      "room_id": 17,
      "convenience_id": 10,
      "created_at": "2022-07-28T17:15:56.901Z",
      "updated_at": "2022-07-28T17:15:56.901Z"
    }
  },
  {
    "model": "createapp.convenienceroom",
    "pk": 289,
    "fields": {
      "room_id": 17,
      "convenience_id": 20,
      "created_at": "2022-07-28T17:15:56.901Z",
      "updated_at": "2022-07-28T17:15:56.902Z"
    }
  },
  {
    "model": "createapp.convenienceroom",
    "pk": 290,
    "fields": {
      "room_id": 17,
      "convenience_id": 1,
      "created_at": "2022-07-28T17:15:56.902Z",
      "updated_at": "2022-07-28T17:15:56.902Z"
    }
  },
  {
    "model": "createapp.convenienceroom",
    "pk": 291,
    "fields": {
      "room_id": 17,
      "convenience_id": 23,
      "created_at": "2022-07-28T17:15:56.902Z",
      "updated_at": "2022-07-28T17:15:56.902Z"
    }
  },
  {
    "model": "createapp.convenienceroom",
    "pk": 292,
    "fields": {
      "room_id": 17,
      "convenience_id": 5,
      "created_at": "2022-07-28T17:15:56.903Z",
      "updated_at": "2022-07-28T17:15:56.903Z"
    }
  },
  {
    "model": "createapp.convenienceroom",
    "pk": 293,
    "fields": {
      "room_id": 17,
      "convenience_id": 22,
      "created_at": "2022-07-28T17:15:56.903Z",
      "updated_at": "2022-07-28T17:15:56.903Z"
    }
  },
  {
    "model": "createapp.convenienceroom",
    "pk": 294,
    "fields": {
      "room_id": 17,
      "convenience_id": 18,
      "created_at": "2022-07-28T17:15:56.903Z",
      "updated_at": "2022-07-28T17:15:56.903Z"
    }
  },
  {
    "model": "createapp.convenienceroom",
    "pk": 295,
    "fields": {
      "room_id": 17,
      "convenience_id": 14,
      "created_at": "2022-07-28T17:15:56.903Z",
      "updated_at": "2022-07-28T17:15:56.904Z"
    }
  },
  {
    "model": "createapp.convenienceroom",
    "pk": 296,
    "fields": {
      "room_id": 17,
      "convenience_id": 16,
      "created_at": "2022-07-28T17:15:56.904Z",
      "updated_at": "2022-07-28T17:15:56.904Z"
    }
  },
  {
    "model": "createapp.convenienceroom",
    "pk": 297,
    "fields": {
      "room_id": 17,
      "convenience_id": 6,
      "created_at": "2022-07-28T17:15:56.904Z",
      "updated_at": "2022-07-28T17:15:56.904Z"
    }
  },
  {
    "model": "createapp.convenienceroom",
    "pk": 298,
    "fields": {
      "room_id": 18,
      "convenience_id": 18,
      "created_at": "2022-07-28T17:23:19.548Z",
      "updated_at": "2022-07-28T17:23:19.549Z"
    }
  },
  {
    "model": "createapp.convenienceroom",
    "pk": 299,
    "fields": {
      "room_id": 18,
      "convenience_id": 14,
      "created_at": "2022-07-28T17:23:19.549Z",
      "updated_at": "2022-07-28T17:23:19.549Z"
    }
  },
  {
    "model": "createapp.convenienceroom",
    "pk": 300,
    "fields": {
      "room_id": 18,
      "convenience_id": 4,
      "created_at": "2022-07-28T17:23:19.549Z",
      "updated_at": "2022-07-28T17:23:19.549Z"
    }
  },
  {
    "model": "createapp.convenienceroom",
    "pk": 301,
    "fields": {
      "room_id": 18,
      "convenience_id": 13,
      "created_at": "2022-07-28T17:23:19.550Z",
      "updated_at": "2022-07-28T17:23:19.550Z"
    }
  },
  {
    "model": "createapp.convenienceroom",
    "pk": 302,
    "fields": {
      "room_id": 18,
      "convenience_id": 19,
      "created_at": "2022-07-28T17:23:19.550Z",
      "updated_at": "2022-07-28T17:23:19.550Z"
    }
  },
  {
    "model": "createapp.convenienceroom",
    "pk": 303,
    "fields": {
      "room_id": 18,
      "convenience_id": 7,
      "created_at": "2022-07-28T17:23:19.550Z",
      "updated_at": "2022-07-28T17:23:19.550Z"
    }
  },
  {
    "model": "createapp.convenienceroom",
    "pk": 304,
    "fields": {
      "room_id": 18,
      "convenience_id": 12,
      "created_at": "2022-07-28T17:23:19.550Z",
      "updated_at": "2022-07-28T17:23:19.551Z"
    }
  },
  {
    "model": "createapp.convenienceroom",
    "pk": 305,
    "fields": {
      "room_id": 18,
      "convenience_id": 2,
      "created_at": "2022-07-28T17:23:19.551Z",
      "updated_at": "2022-07-28T17:23:19.551Z"
    }
  },
  {
    "model": "createapp.convenienceroom",
    "pk": 306,
    "fields": {
      "room_id": 18,
      "convenience_id": 10,
      "created_at": "2022-07-28T17:23:19.551Z",
      "updated_at": "2022-07-28T17:23:19.551Z"
    }
  },
  {
    "model": "createapp.convenienceroom",
    "pk": 307,
    "fields": {
      "room_id": 18,
      "convenience_id": 6,
      "created_at": "2022-07-28T17:23:19.552Z",
      "updated_at": "2022-07-28T17:23:19.552Z"
    }
  },
  {
    "model": "createapp.convenienceroom",
    "pk": 308,
    "fields": {
      "room_id": 18,
      "convenience_id": 20,
      "created_at": "2022-07-28T17:23:19.552Z",
      "updated_at": "2022-07-28T17:23:19.553Z"
    }
  },
  {
    "model": "createapp.convenienceroom",
    "pk": 309,
    "fields": {
      "room_id": 18,
      "convenience_id": 1,
      "created_at": "2022-07-28T17:23:19.553Z",
      "updated_at": "2022-07-28T17:23:19.553Z"
    }
  },
  {
    "model": "createapp.convenienceroom",
    "pk": 310,
    "fields": {
      "room_id": 18,
      "convenience_id": 3,
      "created_at": "2022-07-28T17:23:19.554Z",
      "updated_at": "2022-07-28T17:23:19.554Z"
    }
  },
  {
    "model": "createapp.convenienceroom",
    "pk": 311,
    "fields": {
      "room_id": 18,
      "convenience_id": 5,
      "created_at": "2022-07-28T17:23:19.554Z",
      "updated_at": "2022-07-28T17:23:19.554Z"
    }
  },
  {
    "model": "createapp.convenienceroom",
    "pk": 312,
    "fields": {
      "room_id": 18,
      "convenience_id": 17,
      "created_at": "2022-07-28T17:23:19.554Z",
      "updated_at": "2022-07-28T17:23:19.554Z"
    }
  },
  {
    "model": "createapp.convenienceroom",
    "pk": 313,
    "fields": {
      "room_id": 18,
      "convenience_id": 9,
      "created_at": "2022-07-28T17:23:19.554Z",
      "updated_at": "2022-07-28T17:23:19.554Z"
    }
  }
]